timestamp,frame_id,track_id,class_name,confidence,x1,y1,x2,y2,zone
2026-05-09T17:51:28.241809,4,1,person,0.818,107,59,629,478,
2026-05-09T17:51:28.817046,5,1,person,0.87,103,64,621,478,
2026-05-09T17:51:28.817046,5,2,cat,0.346,-2,152,94,350,
2026-05-09T17:51:29.352765,6,1,person,0.91,106,64,623,478,
2026-05-09T17:51:29.352765,6,2,cat,0.5,-2,150,95,351,
2026-05-09T17:51:29.807525,7,1,person,0.83,108,66,624,479,
2026-05-09T17:51:29.807525,7,2,bear,0.581,-4,162,97,370,
2026-05-09T17:51:30.516283,8,1,person,0.896,106,62,625,478,
2026-05-09T17:51:30.516283,8,2,cat,0.647,-3,159,97,368,
2026-05-09T17:51:31.098850,9,1,person,0.915,106,62,624,478,
2026-05-09T17:51:31.098850,9,2,bear,0.441,-2,161,96,367,
2026-05-09T17:51:31.667448,10,1,person,0.695,110,61,629,478,
2026-05-09T17:51:31.667448,10,2,cat,0.369,-1,164,95,365,
2026-05-09T17:51:32.246059,11,1,person,0.835,108,60,628,477,
2026-05-09T17:51:32.246059,11,2,cat,0.728,-1,156,96,360,
2026-05-09T17:51:32.797214,12,1,person,0.9,114,64,632,478,
2026-05-09T17:51:32.797214,12,2,cat,0.5,-1,156,96,362,
2026-05-09T17:51:33.301496,13,1,cat,0.786,109,62,628,478,
2026-05-09T17:51:33.301496,13,2,cat,0.418,-2,160,95,363,
2026-05-09T17:51:33.943931,14,1,cat,0.841,113,72,622,478,
2026-05-09T17:51:33.943931,14,2,cat,0.48,-1,164,94,367,
2026-05-09T17:51:34.414692,15,1,person,0.498,111,73,620,478,
2026-05-09T17:51:34.414692,15,2,bear,0.448,-2,167,95,371,
2026-05-09T17:51:34.884378,16,1,cat,0.755,110,71,624,478,
2026-05-09T17:51:34.884378,16,2,bear,0.5,-2,168,95,373,
2026-05-09T17:51:34.884378,16,12,dog,0.222,399,109,617,321,
2026-05-09T17:51:35.882155,17,1,person,0.404,113,71,627,478,
2026-05-09T17:51:35.882155,17,2,cat,0.273,0,155,91,347,
2026-05-09T17:51:35.882155,17,12,cat,0.214,404,109,621,320,
2026-05-09T17:51:36.774298,18,1,person,0.728,111,70,628,478,
2026-05-09T17:51:36.774298,18,2,cat,0.26,0,151,92,348,
2026-05-09T17:51:36.774298,18,12,bird,0.242,406,108,616,313,
2026-05-09T17:51:37.400878,19,1,person,0.802,111,69,629,478,
2026-05-09T17:51:37.400878,19,2,cat,0.5,0,150,92,347,
2026-05-09T17:51:37.400878,19,12,bird,0.515,406,109,618,316,
2026-05-09T17:51:41.960299,20,1,bear,0.285,111,69,628,478,
2026-05-09T17:51:41.960299,20,2,cat,0.5,0,149,92,347,
2026-05-09T17:51:41.960299,20,12,cat,0.248,404,112,619,322,
2026-05-09T17:51:42.398072,21,1,cat,0.262,108,67,629,478,
2026-05-09T17:51:42.398072,21,2,cat,0.321,0,154,93,351,
2026-05-09T17:51:42.398072,21,12,bird,0.203,403,110,618,322,
2026-05-09T17:51:42.881542,22,1,person,0.857,109,69,626,478,
2026-05-09T17:51:42.881542,22,2,cat,0.5,0,154,93,351,
2026-05-09T17:51:42.881542,22,12,bird,0.5,402,110,618,322,
2026-05-09T17:51:43.274572,23,1,person,0.49,110,70,627,478,
2026-05-09T17:51:43.274572,23,2,cat,0.5,0,154,93,351,
2026-05-09T17:51:43.274572,23,12,bird,0.275,405,109,619,319,
2026-05-09T17:51:43.745404,24,1,person,0.817,112,70,628,478,
2026-05-09T17:51:43.745404,24,2,cat,0.5,0,154,93,350,
2026-05-09T17:51:43.745404,24,12,bird,0.336,406,112,617,320,
2026-05-09T17:51:44.277118,25,1,person,0.746,111,69,630,478,
2026-05-09T17:51:44.277118,25,2,person,0.303,0,153,94,353,
2026-05-09T17:51:44.277118,25,12,bird,0.5,406,112,617,320,
2026-05-09T17:51:44.888629,26,1,person,0.855,111,69,631,478,
2026-05-09T17:51:44.888629,26,2,person,0.5,0,153,94,353,
2026-05-09T17:51:44.888629,26,12,bird,0.5,406,112,617,320,
2026-05-09T17:51:45.468220,27,1,person,0.624,108,68,628,478,
2026-05-09T17:51:45.468220,27,2,bear,0.382,0,160,94,361,
2026-05-09T17:51:45.468220,27,12,bird,0.5,407,112,617,320,
2026-05-09T17:51:45.985710,28,1,cat,0.444,107,68,627,478,
2026-05-09T17:51:45.985710,28,2,bear,0.319,0,161,94,362,
2026-05-09T17:51:45.985710,28,12,bird,0.5,407,112,617,320,
2026-05-09T17:51:46.536823,29,1,person,0.812,111,72,625,478,
2026-05-09T17:51:46.536823,29,2,bear,0.296,0,164,93,366,
2026-05-09T17:51:46.536823,29,12,bird,0.5,407,112,618,320,
2026-05-09T17:51:47.117009,30,1,person,0.788,113,73,625,477,
2026-05-09T17:51:47.117009,30,2,bear,0.232,0,164,93,363,
2026-05-09T17:51:47.117009,30,12,bird,0.5,407,112,618,320,
2026-05-09T17:51:47.652167,31,1,person,0.742,111,71,628,477,
2026-05-09T17:51:47.652167,31,2,bear,0.5,0,165,93,363,
2026-05-09T17:51:47.652167,31,12,bird,0.5,407,112,618,320,
2026-05-09T17:51:48.093562,32,1,person,0.52,107,69,627,477,
2026-05-09T17:51:48.093562,32,2,bear,0.262,0,159,93,357,
2026-05-09T17:51:48.093562,32,12,bird,0.5,408,112,618,319,
2026-05-09T17:51:48.780340,33,1,person,0.863,112,71,631,478,
2026-05-09T17:51:48.780340,33,2,bear,0.5,0,159,93,357,
2026-05-09T17:51:48.780340,33,12,bird,0.5,408,112,618,319,
2026-05-09T17:51:49.440674,34,1,person,0.779,109,70,630,478,
2026-05-09T17:51:49.440674,34,2,bear,0.5,0,159,93,357,
2026-05-09T17:51:49.440674,34,12,bird,0.5,408,112,618,319,
2026-05-09T17:51:50.052139,35,1,person,0.907,110,70,631,478,
2026-05-09T17:51:50.052139,35,2,bear,0.5,0,159,92,357,
2026-05-09T17:51:50.052139,35,12,bird,0.5,408,113,618,319,
2026-05-09T17:51:50.537425,36,1,person,0.849,109,69,632,478,
2026-05-09T17:51:50.537425,36,2,bear,0.5,0,159,92,357,
2026-05-09T17:51:50.537425,36,12,bird,0.5,408,113,618,319,
2026-05-09T17:51:50.963355,37,1,person,0.841,108,71,628,478,
2026-05-09T17:51:50.963355,37,2,cat,0.484,1,154,92,348,
2026-05-09T17:51:50.963355,37,12,bird,0.5,409,113,618,319,
2026-05-09T17:51:51.479116,38,1,person,0.906,107,71,626,478,
2026-05-09T17:51:51.479116,38,2,person,0.292,0,151,94,352,
2026-05-09T17:51:51.479116,38,12,bird,0.5,409,113,618,319,
2026-05-09T17:51:51.946956,39,1,person,0.851,104,71,623,478,
2026-05-09T17:51:51.946956,39,2,person,0.264,0,157,93,355,
2026-05-09T17:51:51.946956,39,12,bird,0.5,409,113,618,319,
2026-05-09T17:51:52.448230,40,1,person,0.883,107,71,625,478,
2026-05-09T17:51:52.448230,40,2,person,0.5,0,157,93,355,
2026-05-09T17:51:52.448230,40,12,bird,0.5,409,113,618,319,
2026-05-09T17:51:52.871707,41,1,person,0.862,107,70,626,477,
2026-05-09T17:51:52.871707,41,2,bear,0.671,-1,161,94,366,
2026-05-09T17:51:52.871707,41,12,bird,0.5,409,113,618,319,
2026-05-09T17:51:53.356983,42,1,person,0.73,109,70,629,477,
2026-05-09T17:51:53.356983,42,2,bear,0.5,-2,161,94,367,
2026-05-09T17:51:53.356983,42,12,bird,0.5,409,113,618,319,
2026-05-09T17:51:53.778433,43,1,person,0.709,110,70,631,477,
2026-05-09T17:51:53.778433,43,2,person,0.243,0,159,92,359,
2026-05-09T17:51:53.778433,43,12,bird,0.5,410,113,618,319,
2026-05-09T17:51:54.248245,44,1,person,0.87,110,68,634,478,
2026-05-09T17:51:54.248245,44,2,person,0.226,-3,135,98,357,
2026-05-09T17:51:54.248245,44,12,bird,0.5,410,113,618,319,
2026-05-09T17:52:00.577110,45,1,cat,0.494,135,80,641,478,
2026-05-09T17:52:00.577110,45,2,cat,0.459,25,139,141,364,
2026-05-09T17:52:00.577110,45,12,bird,0.5,410,113,618,319,
2026-05-09T17:52:01.026990,46,1,person,0.626,135,81,637,478,
2026-05-09T17:52:01.026990,46,2,cat,0.283,7,157,114,368,
2026-05-09T17:52:01.026990,46,12,bird,0.5,410,113,619,318,
2026-05-09T17:52:01.652915,47,1,dog,0.275,95,68,617,478,
2026-05-09T17:52:01.652915,47,2,cat,0.5,8,157,115,369,
2026-05-09T17:52:01.652915,47,12,bird,0.5,410,113,619,318,
2026-05-09T17:52:02.156138,48,1,person,0.265,70,49,619,478,
2026-05-09T17:52:02.156138,48,2,cat,0.5,8,157,117,370,
2026-05-09T17:52:02.156138,48,12,bird,0.5,411,113,619,318,
2026-05-09T17:52:02.626935,49,1,person,0.617,55,41,618,478,
2026-05-09T17:52:02.626935,49,2,cat,0.5,9,157,118,371,
2026-05-09T17:52:02.626935,49,12,bear,0.224,103,147,206,245,
2026-05-09T17:52:03.102228,50,1,person,0.713,46,36,617,478,
2026-05-09T17:52:03.102228,50,2,cat,0.612,0,168,98,364,
2026-05-09T17:52:03.102228,50,12,bear,0.299,97,146,200,240,
2026-05-09T17:52:03.552603,51,1,person,0.474,41,34,618,478,
2026-05-09T17:52:03.552603,51,2,cat,0.764,-1,169,96,365,
2026-05-09T17:52:03.552603,51,12,cat,0.221,94,146,199,239,
2026-05-09T17:52:04.024395,52,1,person,0.565,44,33,623,478,
2026-05-09T17:52:04.024395,52,2,bear,0.398,-1,169,95,364,
2026-05-09T17:52:04.024395,52,12,bear,0.238,94,146,200,237,
2026-05-09T17:52:04.479762,53,1,person,0.743,40,35,621,478,
2026-05-09T17:52:04.479762,53,2,cat,0.248,-1,166,96,361,
2026-05-09T17:52:04.479762,53,12,bear,0.5,88,146,191,235,
2026-05-09T17:52:04.967041,54,1,person,0.779,34,36,617,478,
2026-05-09T17:52:04.967041,54,2,bear,0.211,-1,165,96,361,
2026-05-09T17:52:04.967041,54,12,bear,0.345,98,146,201,232,
2026-05-09T17:52:05.550565,55,1,person,0.675,43,39,624,478,
2026-05-09T17:52:05.550565,55,2,cat,0.41,-3,161,97,366,
2026-05-09T17:52:05.550565,55,12,bear,0.5,96,146,196,229,
2026-05-09T17:52:06.006413,56,1,person,0.662,40,34,628,478,
2026-05-09T17:52:06.006413,56,2,cat,0.664,-2,165,97,369,
2026-05-09T17:52:06.006413,56,12,cat,0.382,96,147,207,239,
2026-05-09T17:52:06.510643,57,1,person,0.852,37,36,625,478,
2026-05-09T17:52:06.510643,57,2,cat,0.5,-2,165,97,369,
2026-05-09T17:52:06.510643,57,12,cat,0.5,95,148,205,239,
2026-05-09T17:52:06.918606,58,1,person,0.878,35,36,624,479,
2026-05-09T17:52:06.918606,58,2,cat,0.428,-1,159,95,358,
2026-05-09T17:52:06.918606,58,12,cat,0.322,97,145,204,232,
2026-05-09T17:52:07.406893,59,1,person,0.846,37,37,626,479,
2026-05-09T17:52:07.406893,59,2,cat,0.585,0,162,94,355,
2026-05-09T17:52:07.406893,59,12,cat,0.5,96,145,201,231,
2026-05-09T17:52:07.846297,60,1,person,0.9,41,38,629,480,
2026-05-09T17:52:07.846297,60,2,cat,0.222,0,160,94,357,
2026-05-09T17:52:07.846297,60,12,cat,0.5,95,145,199,230,
2026-05-09T17:52:08.316098,61,1,person,0.778,38,39,628,480,
2026-05-09T17:52:08.316098,61,2,cat,0.5,-1,160,94,356,
2026-05-09T17:52:08.316098,61,12,cat,0.5,94,145,196,228,
2026-05-09T17:52:08.740033,62,1,person,0.708,35,38,626,478,
2026-05-09T17:52:08.740033,62,2,cat,0.5,-1,160,94,355,
2026-05-09T17:52:08.740033,62,12,cat,0.5,93,145,194,227,
2026-05-09T17:52:09.335963,63,1,person,0.808,36,34,631,478,
2026-05-09T17:52:09.335963,63,2,cat,0.5,-1,160,93,355,
2026-05-09T17:52:09.335963,63,12,cat,0.5,93,146,191,226,
2026-05-09T17:52:09.793336,64,1,person,0.905,34,33,631,479,
2026-05-09T17:52:09.793336,64,2,cat,0.5,-1,159,93,354,
2026-05-09T17:52:09.793336,64,12,cat,0.5,92,146,189,225,
2026-05-09T17:52:09.793336,64,35,dog,0.42,402,119,622,301,
2026-05-09T17:52:10.235251,65,1,person,0.81,35,37,627,479,
2026-05-09T17:52:10.235251,65,2,cat,0.5,-1,159,93,354,
2026-05-09T17:52:10.235251,65,12,cat,0.5,91,146,186,223,
2026-05-09T17:52:10.235251,65,35,dog,0.225,396,116,620,303,
2026-05-09T17:52:10.704606,66,1,person,0.893,34,37,628,479,
2026-05-09T17:52:10.704606,66,2,person,0.258,0,161,94,356,
2026-05-09T17:52:10.704606,66,12,cat,0.5,90,146,184,222,
2026-05-09T17:52:10.704606,66,35,dog,0.253,389,116,619,307,
2026-05-09T17:52:11.161991,67,1,person,0.892,36,34,631,479,
2026-05-09T17:52:11.161991,67,2,person,0.5,0,161,94,356,
2026-05-09T17:52:11.161991,67,12,cat,0.5,89,146,181,221,
2026-05-09T17:52:11.161991,67,35,dog,0.287,390,116,621,307,
2026-05-09T17:52:11.571981,68,1,person,0.863,42,44,626,479,
2026-05-09T17:52:11.571981,68,2,person,0.5,0,161,94,356,
2026-05-09T17:52:11.571981,68,12,cat,0.5,88,146,179,220,
2026-05-09T17:52:11.571981,68,35,dog,0.374,392,116,619,304,
2026-05-09T17:52:11.983961,69,1,person,0.852,35,39,627,479,
2026-05-09T17:52:11.983961,69,2,cat,0.466,-1,162,95,361,
2026-05-09T17:52:11.983961,69,12,cat,0.5,87,146,176,218,
2026-05-09T17:52:11.983961,69,35,dog,0.5,390,116,619,305,
2026-05-09T17:52:12.391959,70,1,person,0.678,32,35,627,478,
2026-05-09T17:52:12.391959,70,2,cat,0.402,0,167,94,363,
2026-05-09T17:52:12.391959,70,12,cat,0.5,86,146,174,217,
2026-05-09T17:52:12.391959,70,35,dog,0.5,388,116,619,306,
2026-05-09T17:52:12.816910,71,1,person,0.857,38,36,632,478,
2026-05-09T17:52:12.816910,71,2,cat,0.495,0,165,94,362,
2026-05-09T17:52:12.816910,71,12,cat,0.5,85,146,172,216,
2026-05-09T17:52:12.816910,71,35,dog,0.249,393,117,617,302,
2026-05-09T17:52:13.241176,72,1,dog,0.264,38,39,629,478,
2026-05-09T17:52:13.241176,72,2,cat,0.435,0,164,93,357,
2026-05-09T17:52:13.241176,72,12,cat,0.5,85,146,169,215,
2026-05-09T17:52:13.241176,72,35,dog,0.4,389,117,619,307,
2026-05-09T17:52:13.713505,73,1,person,0.838,35,38,627,478,
2026-05-09T17:52:13.713505,73,2,cat,0.5,0,164,93,357,
2026-05-09T17:52:13.713505,73,12,cat,0.5,84,146,167,213,
2026-05-09T17:52:13.713505,73,35,dog,0.259,387,117,618,307,
2026-05-09T17:52:14.122478,74,1,person,0.828,38,38,629,478,
2026-05-09T17:52:14.122478,74,2,cat,0.569,0,168,95,366,
2026-05-09T17:52:14.122478,74,12,cat,0.5,83,146,164,212,
2026-05-09T17:52:14.122478,74,35,dog,0.5,386,116,617,308,
2026-05-09T17:52:14.609439,75,1,person,0.797,35,38,627,478,
2026-05-09T17:52:14.609439,75,2,cat,0.526,0,166,94,361,
2026-05-09T17:52:14.609439,75,12,cat,0.5,82,146,162,211,
2026-05-09T17:52:14.609439,75,35,dog,0.5,384,116,617,309,
2026-05-09T17:52:15.019726,76,1,cat,0.306,45,43,629,478,
2026-05-09T17:52:15.019726,76,2,cat,0.565,0,166,95,365,
2026-05-09T17:52:15.019726,76,12,cat,0.5,81,146,159,210,
2026-05-09T17:52:15.019726,76,35,dog,0.5,383,116,617,310,
2026-05-09T17:52:15.456348,77,1,person,0.456,-11,45,549,478,
2026-05-09T17:52:15.456348,77,2,cat,0.5,-1,166,95,365,
2026-05-09T17:52:15.456348,77,12,cat,0.5,80,146,157,209,
2026-05-09T17:52:15.456348,77,35,dog,0.5,382,116,617,310,
2026-05-09T17:52:15.832298,78,1,cat,0.466,37,48,596,478,
2026-05-09T17:52:15.832298,78,2,cat,0.316,-1,172,95,373,
2026-05-09T17:52:15.832298,78,12,bear,0.21,91,147,209,244,
2026-05-09T17:52:15.832298,78,35,dog,0.5,380,116,616,311,
2026-05-09T17:52:16.269735,79,1,person,0.363,59,53,610,476,
2026-05-09T17:52:16.269735,79,2,cat,0.27,-1,171,95,374,
2026-05-09T17:52:16.269735,79,12,bear,0.251,89,148,210,246,
2026-05-09T17:52:16.269735,79,35,dog,0.5,379,116,616,312,
2026-05-09T17:52:16.722632,80,1,cat,0.43,61,48,620,478,
2026-05-09T17:52:16.722632,80,2,cat,0.492,-1,172,94,373,
2026-05-09T17:52:16.722632,80,12,bear,0.5,89,148,210,247,
2026-05-09T17:52:16.722632,80,35,dog,0.5,377,116,616,313,
2026-05-09T17:52:17.176033,81,1,person,0.548,51,45,615,476,
2026-05-09T17:52:17.176033,81,2,cat,0.5,-1,172,94,374,
2026-05-09T17:52:17.176033,81,12,bear,0.338,91,147,207,242,
2026-05-09T17:52:17.176033,81,35,dog,0.271,388,116,626,315,
2026-05-09T17:52:17.666253,82,1,person,0.635,53,43,622,476,
2026-05-09T17:52:17.666253,82,2,cat,0.5,-1,173,94,375,
2026-05-09T17:52:17.666253,82,12,bear,0.364,91,148,212,248,
2026-05-09T17:52:17.666253,82,35,dog,0.5,387,116,627,316,
2026-05-09T17:52:18.076735,83,1,person,0.528,44,43,615,475,
2026-05-09T17:52:18.076735,83,2,cat,0.486,0,172,94,373,
2026-05-09T17:52:18.076735,83,12,bear,0.207,92,148,212,249,
2026-05-09T17:52:18.076735,83,35,dog,0.5,387,116,627,317,
2026-05-09T17:52:18.594937,84,1,person,0.588,49,41,624,475,
2026-05-09T17:52:18.594937,84,2,bear,0.295,0,170,96,374,
2026-05-09T17:52:18.594937,84,12,bear,0.373,92,148,211,248,
2026-05-09T17:52:18.594937,84,35,dog,0.5,386,116,628,318,
2026-05-09T17:52:19.019077,85,1,person,0.722,46,40,623,476,
2026-05-09T17:52:19.019077,85,2,cat,0.278,-1,161,95,366,
2026-05-09T17:52:19.019077,85,12,bear,0.265,94,147,208,243,
2026-05-09T17:52:19.019077,85,35,dog,0.5,386,116,629,319,
2026-05-09T17:52:19.460076,86,1,person,0.281,57,52,622,477,
2026-05-09T17:52:19.460076,86,2,cat,0.231,-3,143,97,361,
2026-05-09T17:52:19.460076,86,12,bear,0.5,94,147,208,243,
2026-05-09T17:52:19.460076,86,35,dog,0.5,385,116,629,320,
2026-05-09T17:52:19.899411,87,1,cat,0.592,109,81,635,478,
2026-05-09T17:52:19.899411,87,2,cat,0.5,-4,141,98,360,
2026-05-09T17:52:19.899411,87,12,bear,0.261,94,144,207,239,
2026-05-09T17:52:19.899411,87,35,dog,0.5,384,116,630,321,
2026-05-09T17:52:20.321971,88,1,cat,0.827,133,99,634,478,
2026-05-09T17:52:20.321971,88,2,bear,0.281,-3,150,95,363,
2026-05-09T17:52:20.321971,88,12,bear,0.5,94,144,207,238,
2026-05-09T17:52:20.321971,88,35,dog,0.5,384,116,631,322,
2026-05-09T17:52:20.728555,89,1,cat,0.652,133,103,629,479,
2026-05-09T17:52:20.728555,89,2,person,0.269,-2,157,95,369,
2026-05-09T17:52:20.728555,89,12,bear,0.5,94,144,207,238,
2026-05-09T17:52:20.728555,89,35,dog,0.5,383,116,631,323,
2026-05-09T17:52:21.154647,90,1,dog,0.236,129,98,632,479,
2026-05-09T17:52:21.154647,90,2,cat,0.326,0,164,94,370,
2026-05-09T17:52:21.154647,90,12,bear,0.5,94,143,207,237,
2026-05-09T17:52:21.154647,90,35,dog,0.5,383,116,632,324,
2026-05-09T17:52:21.610637,91,1,person,0.409,123,94,631,478,
2026-05-09T17:52:21.610637,91,2,bear,0.239,-1,162,94,370,
2026-05-09T17:52:21.610637,91,12,cat,0.316,93,144,210,242,
2026-05-09T17:52:21.610637,91,35,dog,0.5,382,116,632,325,
2026-05-09T17:52:21.610637,91,46,dog,0.406,43,94,711,478,
2026-05-09T17:52:22.078795,92,1,person,0.757,118,92,629,478,
2026-05-09T17:52:22.078795,92,2,bear,0.5,-1,162,94,370,
2026-05-09T17:52:22.078795,92,12,cat,0.5,93,144,210,242,
2026-05-09T17:52:22.078795,92,35,dog,0.5,381,116,633,326,
2026-05-09T17:52:22.078795,92,46,dog,0.5,50,90,726,479,
2026-05-09T17:52:22.513477,93,1,person,0.766,118,92,629,478,
2026-05-09T17:52:22.513477,93,2,bear,0.398,0,166,93,370,
2026-05-09T17:52:22.513477,93,12,cat,0.5,93,144,211,242,
2026-05-09T17:52:22.513477,93,35,dog,0.5,381,116,634,327,
2026-05-09T17:52:22.513477,93,46,dog,0.5,56,86,741,480,
2026-05-09T17:52:22.919671,94,1,cat,0.464,115,90,629,479,
2026-05-09T17:52:22.919671,94,2,cat,0.207,0,167,92,368,
2026-05-09T17:52:22.919671,94,12,cat,0.288,93,144,207,238,
2026-05-09T17:52:22.919671,94,35,dog,0.5,380,116,634,328,
2026-05-09T17:52:22.919671,94,46,dog,0.5,63,82,756,481,
2026-05-09T17:52:23.480942,95,1,cat,0.637,116,86,634,479,
2026-05-09T17:52:23.480942,95,2,cat,0.5,0,168,92,368,
2026-05-09T17:52:23.480942,95,12,cat,0.5,93,144,207,238,
2026-05-09T17:52:23.480942,95,35,dog,0.5,380,116,635,329,
2026-05-09T17:52:23.480942,95,46,dog,0.5,69,78,771,482,
2026-05-09T17:52:23.888752,96,1,cat,0.265,119,87,635,479,
2026-05-09T17:52:23.888752,96,2,cat,0.5,0,168,92,368,
2026-05-09T17:52:23.888752,96,12,cat,0.5,93,144,207,238,
2026-05-09T17:52:23.888752,96,35,person,0.702,140,85,616,476,
2026-05-09T17:52:23.888752,96,46,dog,0.5,76,74,785,483,
2026-05-09T17:52:24.310213,97,1,person,0.578,121,89,634,478,
2026-05-09T17:52:24.310213,97,2,cat,0.5,0,169,92,368,
2026-05-09T17:52:24.310213,97,12,cat,0.5,93,144,207,237,
2026-05-09T17:52:24.310213,97,35,person,0.5,125,83,615,485,
2026-05-09T17:52:24.310213,97,46,dog,0.5,82,70,800,483,
2026-05-09T17:52:24.669825,98,1,person,0.87,122,88,635,478,
2026-05-09T17:52:24.669825,98,2,cat,0.5,0,169,92,368,
2026-05-09T17:52:24.669825,98,12,cat,0.5,93,144,207,237,
2026-05-09T17:52:24.669825,98,35,person,0.5,111,81,615,495,
2026-05-09T17:52:24.669825,98,46,dog,0.5,89,66,815,484,
2026-05-09T17:52:25.046722,99,1,person,0.813,117,85,633,478,
2026-05-09T17:52:25.046722,99,2,cat,0.5,0,170,92,368,
2026-05-09T17:52:25.046722,99,12,cat,0.5,93,144,206,237,
2026-05-09T17:52:25.046722,99,35,person,0.5,97,80,614,504,
2026-05-09T17:52:25.046722,99,46,dog,0.5,95,62,830,485,
2026-05-09T17:52:25.424955,100,1,person,0.921,109,80,631,478,
2026-05-09T17:52:25.424955,100,2,cat,0.203,2,160,91,351,
2026-05-09T17:52:25.424955,100,12,cat,0.5,94,144,206,236,
2026-05-09T17:52:25.424955,100,35,person,0.5,82,78,613,514,
2026-05-09T17:52:25.424955,100,46,dog,0.5,102,58,845,486,
2026-05-09T17:52:25.820313,101,1,person,0.897,110,80,632,478,
2026-05-09T17:52:25.820313,101,2,cat,0.5,2,160,91,349,
2026-05-09T17:52:25.820313,101,12,cat,0.5,94,144,206,236,
2026-05-09T17:52:25.820313,101,35,person,0.5,68,76,613,523,
2026-05-09T17:52:25.820313,101,46,dog,0.5,109,54,860,487,
2026-05-09T17:52:26.212062,102,1,person,0.833,115,82,635,478,
2026-05-09T17:52:26.212062,102,2,person,0.222,0,151,93,351,
2026-05-09T17:52:26.212062,102,12,cat,0.5,94,144,206,236,
2026-05-09T17:52:26.212062,102,35,person,0.5,54,74,612,533,
2026-05-09T17:52:26.212062,102,46,dog,0.5,115,51,874,488,
2026-05-09T17:52:26.701433,103,1,person,0.81,115,83,633,479,
2026-05-09T17:52:26.701433,103,2,person,0.5,0,150,93,350,
2026-05-09T17:52:26.701433,103,12,cat,0.5,94,143,206,236,
2026-05-09T17:52:26.701433,103,35,person,0.5,39,72,612,542,
2026-05-09T17:52:26.701433,103,46,dog,0.5,122,47,889,489,
2026-05-09T17:52:27.079340,104,1,person,0.899,115,84,632,479,
2026-05-09T17:52:27.079340,104,2,person,0.5,1,149,94,348,
2026-05-09T17:52:27.079340,104,12,cat,0.5,94,143,206,235,
2026-05-09T17:52:27.079340,104,35,person,0.5,25,70,611,551,
2026-05-09T17:52:27.079340,104,46,dog,0.5,128,43,904,489,
2026-05-09T17:52:27.455211,105,1,person,0.914,116,82,635,478,
2026-05-09T17:52:27.455211,105,2,person,0.5,1,148,94,347,
2026-05-09T17:52:27.455211,105,12,cat,0.5,94,143,205,235,
2026-05-09T17:52:27.455211,105,35,person,0.5,11,69,610,561,
2026-05-09T17:52:27.455211,105,46,bed,0.205,-17,76,654,467,
2026-05-09T17:52:27.893432,106,1,person,0.925,116,83,634,478,
2026-05-09T17:52:27.893432,106,2,person,0.263,0,151,94,356,
2026-05-09T17:52:27.893432,106,12,cat,0.5,94,143,205,235,
2026-05-09T17:52:27.893432,106,35,person,0.5,-3,67,610,570,
2026-05-09T17:52:27.893432,106,46,bed,0.225,7,110,627,466,
2026-05-09T17:52:28.331372,107,1,person,0.894,115,82,633,478,
2026-05-09T17:52:28.331372,107,2,person,0.5,0,150,94,356,
2026-05-09T17:52:28.331372,107,12,cat,0.5,94,143,205,234,
2026-05-09T17:52:28.331372,107,35,person,0.5,-17,65,609,580,
2026-05-09T17:52:28.331372,107,46,bed,0.238,2,108,631,470,
2026-05-09T17:52:28.754922,108,1,person,0.437,114,82,630,478,
2026-05-09T17:52:28.754922,108,2,person,0.5,0,149,95,356,
2026-05-09T17:52:28.754922,108,12,cat,0.5,94,143,205,234,
2026-05-09T17:52:28.754922,108,35,cat,0.257,119,81,617,484,
2026-05-09T17:52:28.754922,108,46,bed,0.21,-5,101,640,474,
2026-05-09T17:52:29.195760,109,1,cat,0.674,115,75,637,478,
2026-05-09T17:52:29.195760,109,2,person,0.5,-1,148,95,355,
2026-05-09T17:52:29.195760,109,12,cat,0.5,94,143,205,234,
2026-05-09T17:52:29.195760,109,35,cat,0.5,113,81,617,488,
2026-05-09T17:52:29.195760,109,46,bed,0.5,-7,101,638,474,
2026-05-09T17:52:29.570329,110,1,cat,0.554,126,117,604,478,
2026-05-09T17:52:29.570329,110,2,person,0.5,-1,148,95,355,
2026-05-09T17:52:29.570329,110,12,cat,0.5,94,143,204,233,
2026-05-09T17:52:29.570329,110,35,cat,0.5,107,80,616,492,
2026-05-09T17:52:29.570329,110,46,person,0.439,8,118,631,477,
2026-05-09T17:52:30.073375,111,1,cat,0.5,128,121,600,478,
2026-05-09T17:52:30.073375,111,2,person,0.5,-1,147,95,355,
2026-05-09T17:52:30.073375,111,12,cat,0.5,94,142,204,233,
2026-05-09T17:52:30.073375,111,35,cat,0.5,102,79,616,495,
2026-05-09T17:52:30.073375,111,46,bed,0.251,6,123,623,479,
2026-05-09T17:52:30.521430,112,1,cat,0.376,123,129,594,478,
2026-05-09T17:52:30.521430,112,2,bear,0.292,0,174,93,374,
2026-05-09T17:52:30.521430,112,12,cat,0.5,94,142,204,233,
2026-05-09T17:52:30.521430,112,35,cat,0.5,96,78,616,499,
2026-05-09T17:52:30.521430,112,46,bed,0.242,6,126,621,480,
2026-05-09T17:52:30.993217,113,1,person,0.409,150,120,629,479,
2026-05-09T17:52:30.993217,113,2,cat,0.371,0,173,93,373,
2026-05-09T17:52:30.993217,113,12,cat,0.5,94,142,204,233,
2026-05-09T17:52:30.993217,113,35,cat,0.5,90,77,616,502,
2026-05-09T17:52:30.993217,113,46,bed,0.5,6,128,618,480,
2026-05-09T17:52:31.463174,114,1,person,0.505,145,101,644,479,
2026-05-09T17:52:31.463174,114,2,cat,0.383,0,170,92,367,
2026-05-09T17:52:31.463174,114,12,cat,0.348,95,148,202,234,
2026-05-09T17:52:31.463174,114,35,cat,0.5,84,77,615,506,
2026-05-09T17:52:31.463174,114,46,bed,0.5,6,131,615,481,
2026-05-09T17:52:31.919268,115,1,person,0.89,144,93,648,479,
2026-05-09T17:52:31.919268,115,2,cat,0.5,0,171,92,368,
2026-05-09T17:52:31.919268,115,12,cat,0.5,95,149,202,234,
2026-05-09T17:52:31.919268,115,35,cat,0.5,78,76,615,510,
2026-05-09T17:52:31.919268,115,46,bed,0.5,6,134,611,482,
2026-05-09T17:52:32.295832,116,1,person,0.912,149,93,649,479,
2026-05-09T17:52:32.295832,116,2,cat,0.273,0,168,92,363,
2026-05-09T17:52:32.295832,116,12,cat,0.234,95,148,205,234,
2026-05-09T17:52:32.295832,116,35,cat,0.5,73,75,615,513,
2026-05-09T17:52:32.295832,116,46,bed,0.5,6,136,608,483,
2026-05-09T17:52:32.737155,117,1,person,0.834,144,98,637,479,
2026-05-09T17:52:32.737155,117,2,cat,0.267,0,169,92,365,
2026-05-09T17:52:32.737155,117,12,cat,0.266,93,148,207,236,
2026-05-09T17:52:32.737155,117,35,cat,0.5,67,74,614,517,
2026-05-09T17:52:32.737155,117,46,bed,0.5,6,139,605,484,
2026-05-09T17:52:33.208258,118,1,person,0.873,146,96,638,478,
2026-05-09T17:52:33.208258,118,2,cat,0.314,0,171,92,367,
2026-05-09T17:52:33.208258,118,12,cat,0.378,92,148,207,237,
2026-05-09T17:52:33.208258,118,35,cat,0.5,61,73,614,521,
2026-05-09T17:52:33.208258,118,46,bed,0.5,6,142,602,485,
2026-05-09T17:52:33.629510,119,1,person,0.77,142,96,631,478,
2026-05-09T17:52:33.629510,119,2,cat,0.5,0,172,91,367,
2026-05-09T17:52:33.629510,119,12,cat,0.5,92,148,207,237,
2026-05-09T17:52:33.629510,119,35,cat,0.5,55,73,614,524,
2026-05-09T17:52:33.629510,119,46,bed,0.5,5,145,598,486,
2026-05-09T17:52:34.005025,120,1,dog,0.204,182,100,657,478,
2026-05-09T17:52:34.005025,120,2,cat,0.515,0,172,93,369,
2026-05-09T17:52:34.005025,120,12,cat,0.27,92,148,209,239,
2026-05-09T17:52:34.005025,120,35,person,0.565,175,101,635,479,
2026-05-09T17:52:34.005025,120,46,bed,0.5,5,147,595,487,
2026-05-09T17:52:34.539239,121,1,dog,0.352,210,104,670,477,
2026-05-09T17:52:34.539239,121,2,cat,0.415,0,168,94,372,
2026-05-09T17:52:34.539239,121,12,cat,0.474,91,147,210,239,
2026-05-09T17:52:34.539239,121,35,person,0.5,177,102,636,479,
2026-05-09T17:52:34.539239,121,46,bed,0.5,5,150,592,487,
2026-05-09T17:52:35.041572,122,1,dog,0.5,216,105,676,477,
2026-05-09T17:52:35.041572,122,2,bear,0.527,0,167,94,372,
2026-05-09T17:52:35.041572,122,12,bear,0.296,91,148,209,240,
2026-05-09T17:52:35.041572,122,35,person,0.5,179,103,637,479,
2026-05-09T17:52:35.041572,122,46,dog,0.332,251,110,625,327,
2026-05-09T17:52:35.514117,123,1,dog,0.5,223,106,681,477,
2026-05-09T17:52:35.514117,123,2,cat,0.303,0,170,94,373,
2026-05-09T17:52:35.514117,123,12,bear,0.25,91,149,213,244,
2026-05-09T17:52:35.514117,123,35,person,0.5,181,104,639,480,
2026-05-09T17:52:35.514117,123,46,dog,0.448,261,105,626,319,
2026-05-09T17:52:35.514117,123,56,cat,0.289,17,311,217,479,
2026-05-09T17:52:36.107577,124,1,person,0.42,223,104,672,477,
2026-05-09T17:52:36.107577,124,2,bear,0.694,-1,168,95,378,
2026-05-09T17:52:36.107577,124,12,bear,0.5,91,149,213,245,
2026-05-09T17:52:36.107577,124,35,person,0.5,184,105,640,480,
2026-05-09T17:52:36.107577,124,46,dog,0.201,262,103,629,320,
2026-05-09T17:52:36.107577,124,56,cat,0.229,22,314,220,479,
2026-05-09T17:52:36.544506,125,1,person,0.567,229,104,671,477,
2026-05-09T17:52:36.544506,125,2,bear,0.5,-1,168,96,379,
2026-05-09T17:52:36.544506,125,12,cat,0.245,90,147,212,243,
2026-05-09T17:52:36.544506,125,35,person,0.5,186,106,641,481,
2026-05-09T17:52:36.544506,125,46,dog,0.5,275,102,630,311,
2026-05-09T17:52:36.544506,125,56,cat,0.5,25,320,217,479,
2026-05-09T17:52:36.965389,126,1,person,0.5,234,104,675,477,
2026-05-09T17:52:36.965389,126,2,bear,0.402,-2,169,97,385,
2026-05-09T17:52:36.965389,126,12,bear,0.271,91,148,212,244,
2026-05-09T17:52:36.965389,126,35,person,0.5,188,107,643,481,
2026-05-09T17:52:36.965389,126,46,dog,0.311,251,104,647,342,
2026-05-09T17:52:36.965389,126,56,cat,0.5,28,325,213,479,
2026-05-09T17:52:37.402216,127,1,person,0.381,234,104,667,477,
2026-05-09T17:52:37.402216,127,2,cat,0.521,0,167,96,376,
2026-05-09T17:52:37.402216,127,12,cat,0.251,91,148,211,243,
2026-05-09T17:52:37.402216,127,35,person,0.5,190,109,644,481,
2026-05-09T17:52:37.402216,127,46,dog,0.299,255,103,638,335,
2026-05-09T17:52:37.402216,127,56,cat,0.58,13,318,208,479,
2026-05-09T17:52:37.948419,128,1,person,0.5,238,104,671,477,
2026-05-09T17:52:37.948419,128,2,bear,0.279,0,170,94,374,
2026-05-09T17:52:37.948419,128,12,cat,0.22,91,148,210,243,
2026-05-09T17:52:37.948419,128,35,person,0.287,264,104,616,390,
2026-05-09T17:52:37.948419,128,46,dog,0.347,258,103,629,328,
2026-05-09T17:52:37.948419,128,56,cat,0.5,13,321,204,479,
2026-05-09T17:52:38.417783,129,1,dog,0.252,239,104,653,465,
2026-05-09T17:52:38.417783,129,2,cat,0.245,0,173,94,377,
2026-05-09T17:52:38.417783,129,12,bear,0.239,90,149,212,247,
2026-05-09T17:52:38.417783,129,35,person,0.331,255,104,628,413,
2026-05-09T17:52:38.417783,129,46,dog,0.5,264,103,630,325,
2026-05-09T17:52:38.417783,129,56,cat,0.5,13,324,201,479,
2026-05-09T17:52:39.010299,130,1,person,0.219,244,102,638,450,
2026-05-09T17:52:39.010299,130,2,bear,0.555,0,172,93,375,
2026-05-09T17:52:39.010299,130,12,bear,0.416,90,147,209,243,
2026-05-09T17:52:39.010299,130,35,person,0.5,261,104,629,409,
2026-05-09T17:52:39.010299,130,46,dog,0.5,269,102,631,322,
2026-05-09T17:52:39.010299,130,56,cat,0.5,12,327,197,479,
2026-05-09T17:52:39.460691,131,1,person,0.5,248,102,638,447,
2026-05-09T17:52:39.460691,131,2,bear,0.5,0,173,93,375,
2026-05-09T17:52:39.460691,131,12,cat,0.284,95,147,205,235,
2026-05-09T17:52:39.460691,131,35,person,0.5,267,105,630,406,
2026-05-09T17:52:39.460691,131,46,person,0.348,255,103,632,334,
2026-05-09T17:52:39.460691,131,56,cat,0.5,12,330,193,479,
2026-05-09T17:52:39.884274,132,1,person,0.5,251,102,638,444,
2026-05-09T17:52:39.884274,132,2,bear,0.5,0,173,93,376,
2026-05-09T17:52:39.884274,132,12,cat,0.5,95,147,205,234,
2026-05-09T17:52:39.884274,132,35,person,0.5,273,105,631,402,
2026-05-09T17:52:39.884274,132,46,dog,0.21,256,104,630,335,
2026-05-09T17:52:39.884274,132,56,cat,0.5,12,333,189,479,
2026-05-09T17:52:40.275404,133,1,person,0.5,254,102,638,442,
2026-05-09T17:52:40.275404,133,2,cat,0.366,0,159,92,357,
2026-05-09T17:52:40.275404,133,12,cat,0.5,95,147,204,233,
2026-05-09T17:52:40.275404,133,35,person,0.5,278,106,632,399,
2026-05-09T17:52:40.275404,133,46,dog,0.375,255,103,630,335,
2026-05-09T17:52:40.275404,133,56,cat,0.5,11,335,185,479,
2026-05-09T17:52:40.683350,134,1,person,0.5,258,102,638,439,
2026-05-09T17:52:40.683350,134,2,cat,0.348,-1,142,93,349,
2026-05-09T17:52:40.683350,134,12,cat,0.5,95,146,204,233,
2026-05-09T17:52:40.683350,134,35,person,0.5,284,106,633,396,
2026-05-09T17:52:40.683350,134,46,person,0.47,255,102,630,336,
2026-05-09T17:52:40.683350,134,56,cat,0.5,11,338,182,479,
2026-05-09T17:52:41.156701,135,1,person,0.5,261,102,638,436,
2026-05-09T17:52:41.156701,135,2,cat,0.5,-1,139,93,346,
2026-05-09T17:52:41.156701,135,12,cat,0.5,96,146,204,232,
2026-05-09T17:52:41.156701,135,35,person,0.5,290,107,634,392,
2026-05-09T17:52:41.156701,135,46,person,0.372,255,102,628,336,
2026-05-09T17:52:41.156701,135,56,cat,0.5,11,341,178,479,
2026-05-09T17:52:41.596465,136,1,person,0.5,264,102,638,433,
2026-05-09T17:52:41.596465,136,2,cat,0.5,-1,136,93,344,
2026-05-09T17:52:41.596465,136,12,cat,0.5,96,146,203,232,
2026-05-09T17:52:41.596465,136,35,person,0.5,295,107,635,389,
2026-05-09T17:52:41.596465,136,46,person,0.475,256,103,627,336,
2026-05-09T17:52:41.596465,136,56,cat,0.5,10,344,174,479,
2026-05-09T17:52:41.973822,137,1,person,0.5,267,102,638,430,
2026-05-09T17:52:41.973822,137,2,cat,0.5,-2,133,93,341,
2026-05-09T17:52:41.973822,137,12,cat,0.5,96,146,203,231,
2026-05-09T17:52:41.973822,137,35,person,0.392,285,102,598,349,
2026-05-09T17:52:41.973822,137,46,dog,0.349,256,102,626,336,
2026-05-09T17:52:41.973822,137,56,cat,0.5,10,347,170,479,
2026-05-09T17:52:42.742047,139,1,person,0.5,271,102,638,427,
2026-05-09T17:52:42.742047,139,2,cat,0.5,-2,130,93,339,
2026-05-09T17:52:42.742047,139,12,cat,0.5,97,146,202,230,
2026-05-09T17:52:42.742047,139,35,person,0.5,290,102,595,342,
2026-05-09T17:52:42.742047,139,46,person,0.483,255,102,627,338,
2026-05-09T17:52:42.742047,139,56,cat,0.5,10,350,167,479,
2026-05-09T17:52:43.185375,140,1,person,0.497,185,102,613,477,
2026-05-09T17:52:43.185375,140,2,bear,0.304,0,167,94,372,
2026-05-09T17:52:43.185375,140,12,cat,0.5,97,146,202,230,
2026-05-09T17:52:43.185375,140,35,person,0.5,296,102,592,335,
2026-05-09T17:52:43.185375,140,46,person,0.5,256,102,628,338,
2026-05-09T17:52:43.185375,140,56,cat,0.5,10,353,163,479,
2026-05-09T17:52:43.609403,141,1,person,0.696,168,104,605,478,
2026-05-09T17:52:43.609403,141,2,bear,0.252,0,168,94,374,
2026-05-09T17:52:43.609403,141,12,bear,0.317,90,147,211,245,
2026-05-09T17:52:43.609403,141,35,person,0.5,301,102,589,329,
2026-05-09T17:52:43.609403,141,46,person,0.5,257,102,629,338,
2026-05-09T17:52:43.609403,141,56,cat,0.5,9,355,159,479,
2026-05-09T17:52:44.047329,142,1,person,0.258,159,102,606,479,
2026-05-09T17:52:44.047329,142,2,bear,0.5,0,169,95,375,
2026-05-09T17:52:44.047329,142,12,bear,0.5,90,147,212,246,
2026-05-09T17:52:44.047329,142,35,person,0.5,306,102,586,322,
2026-05-09T17:52:44.047329,142,46,dog,0.229,269,101,612,316,
2026-05-09T17:52:44.047329,142,56,cat,0.5,9,358,155,479,
2026-05-09T17:52:44.453485,143,1,person,0.666,145,94,606,479,
2026-05-09T17:52:44.453485,143,2,bear,0.5,0,170,95,376,
2026-05-09T17:52:44.453485,143,12,bear,0.381,88,148,215,253,
2026-05-09T17:52:44.453485,143,35,person,0.5,311,102,582,316,
2026-05-09T17:52:44.453485,143,46,dog,0.368,266,93,616,314,
2026-05-09T17:52:44.453485,143,56,cat,0.5,9,361,151,479,
2026-05-09T17:52:44.924692,144,1,person,0.291,121,75,609,478,
2026-05-09T17:52:44.924692,144,2,cat,0.254,0,170,93,374,
2026-05-09T17:52:44.924692,144,12,cat,0.212,89,148,211,248,
2026-05-09T17:52:44.924692,144,35,person,0.5,316,102,579,309,
2026-05-09T17:52:44.924692,144,46,dog,0.5,267,91,616,311,
2026-05-09T17:52:44.924692,144,56,bear,0.226,88,149,207,247,
2026-05-09T17:52:45.457439,145,1,cat,0.74,102,59,613,478,
2026-05-09T17:52:45.457439,145,2,cat,0.246,0,168,92,367,
2026-05-09T17:52:45.457439,145,12,cat,0.5,88,148,211,249,
2026-05-09T17:52:45.457439,145,35,person,0.5,321,102,576,302,
2026-05-09T17:52:45.457439,145,46,dog,0.5,269,90,615,309,
2026-05-09T17:52:45.457439,145,56,bear,0.5,92,139,207,233,
2026-05-09T17:52:45.457439,145,65,person,0.337,84,54,628,478,
2026-05-09T17:52:45.896200,146,1,person,0.911,93,54,613,478,
2026-05-09T17:52:45.896200,146,2,cat,0.258,0,159,92,360,
2026-05-09T17:52:45.896200,146,12,cat,0.5,88,148,212,250,
2026-05-09T17:52:45.896200,146,35,person,0.5,327,102,573,296,
2026-05-09T17:52:45.896200,146,46,dog,0.5,270,89,615,307,
2026-05-09T17:52:45.896200,146,56,bear,0.5,97,129,207,220,
2026-05-09T17:52:45.896200,146,65,person,0.5,73,46,628,477,
2026-05-09T17:52:46.317873,147,1,person,0.92,97,57,619,479,
2026-05-09T17:52:46.317873,147,2,cat,0.5,0,159,92,359,
2026-05-09T17:52:46.317873,147,12,cat,0.5,87,148,212,250,
2026-05-09T17:52:46.317873,147,35,person,0.5,332,102,570,289,
2026-05-09T17:52:46.317873,147,46,dog,0.5,271,88,614,304,
2026-05-09T17:52:46.317873,147,56,bear,0.5,101,120,206,206,
2026-05-09T17:52:46.317873,147,65,person,0.5,62,37,628,477,
2026-05-09T17:52:46.786051,148,1,person,0.828,97,61,617,477,
2026-05-09T17:52:46.786051,148,2,cat,0.235,0,156,96,365,
2026-05-09T17:52:46.786051,148,12,cat,0.343,95,148,208,240,
2026-05-09T17:52:46.786051,148,35,person,0.5,337,102,566,282,
2026-05-09T17:52:46.786051,148,46,dog,0.5,273,87,614,302,
2026-05-09T17:52:46.786051,148,56,bear,0.5,105,110,206,193,
2026-05-09T17:52:46.786051,148,65,person,0.5,51,28,627,477,
2026-05-09T17:52:47.492774,149,1,person,0.92,97,63,618,478,
2026-05-09T17:52:47.492774,149,2,cat,0.426,1,165,92,362,
2026-05-09T17:52:47.492774,149,12,cat,0.209,95,147,207,237,
2026-05-09T17:52:47.492774,149,35,person,0.5,342,102,563,276,
2026-05-09T17:52:47.492774,149,46,dog,0.5,274,86,613,299,
2026-05-09T17:52:47.492774,149,56,bear,0.5,110,100,206,179,
2026-05-09T17:52:47.492774,149,65,person,0.5,41,20,627,476,
2026-05-09T17:52:48.073352,150,1,person,0.908,99,66,619,479,
2026-05-09T17:52:48.073352,150,2,person,0.214,-2,147,98,368,
2026-05-09T17:52:48.073352,150,12,cat,0.5,95,147,206,236,
2026-05-09T17:52:48.073352,150,35,dog,0.37,386,125,626,322,
2026-05-09T17:52:48.073352,150,46,dog,0.5,276,84,613,297,
2026-05-09T17:52:48.073352,150,56,bear,0.5,114,91,205,166,
2026-05-09T17:52:48.073352,150,65,person,0.5,30,11,627,476,
2026-05-09T17:52:48.560657,151,1,person,0.906,96,67,619,479,
2026-05-09T17:52:48.560657,151,2,cat,0.341,0,162,93,365,
2026-05-09T17:52:48.560657,151,12,cat,0.342,94,147,207,238,
2026-05-09T17:52:48.560657,151,35,dog,0.5,393,127,628,319,
2026-05-09T17:52:48.560657,151,46,dog,0.5,277,83,613,295,
2026-05-09T17:52:48.560657,151,56,bear,0.5,118,81,205,152,
2026-05-09T17:52:48.560657,151,65,person,0.5,19,3,627,476,
2026-05-09T17:52:49.078395,152,1,person,0.839,93,65,620,478,
2026-05-09T17:52:49.078395,152,2,cat,0.567,0,168,91,365,
2026-05-09T17:52:49.078395,152,12,bear,0.226,93,147,208,239,
2026-05-09T17:52:49.078395,152,35,dog,0.5,401,129,630,316,
2026-05-09T17:52:49.078395,152,46,dog,0.5,278,82,612,292,
2026-05-09T17:52:49.078395,152,56,bear,0.5,123,71,205,139,
2026-05-09T17:52:49.078395,152,65,person,0.5,8,-5,626,476,
2026-05-09T17:52:49.515553,153,1,person,0.916,95,67,622,478,
2026-05-09T17:52:49.515553,153,2,cat,0.585,1,172,91,366,
2026-05-09T17:52:49.515553,153,12,bear,0.5,93,147,208,239,
2026-05-09T17:52:49.515553,153,35,dog,0.329,394,126,629,322,
2026-05-09T17:52:49.515553,153,46,dog,0.5,280,81,612,290,
2026-05-09T17:52:49.515553,153,56,bear,0.5,127,62,204,125,
2026-05-09T17:52:49.515553,153,65,person,0.5,-2,-13,626,475,
2026-05-09T17:52:49.924598,154,1,person,0.918,91,66,622,478,
2026-05-09T17:52:49.924598,154,2,cat,0.251,1,171,92,365,
2026-05-09T17:52:49.924598,154,12,bear,0.5,93,147,208,239,
2026-05-09T17:52:49.924598,154,35,dog,0.5,400,127,631,320,
2026-05-09T17:52:49.924598,154,46,dog,0.5,281,80,611,288,
2026-05-09T17:52:49.924598,154,56,bear,0.5,131,52,204,112,
2026-05-09T17:52:49.924598,154,65,person,0.5,-13,-22,626,475,
2026-05-09T17:52:50.332753,155,1,person,0.911,90,66,622,478,
2026-05-09T17:52:50.332753,155,2,cat,0.687,0,171,92,367,
2026-05-09T17:52:50.332753,155,12,cat,0.277,92,147,209,241,
2026-05-09T17:52:50.332753,155,35,dog,0.5,405,129,633,318,
2026-05-09T17:52:50.332753,155,46,dog,0.5,283,78,611,285,
2026-05-09T17:52:50.332753,155,56,bear,0.5,136,42,204,98,
2026-05-09T17:52:50.332753,155,65,person,0.5,-24,-31,626,475,
2026-05-09T17:52:50.768551,156,1,person,0.908,87,66,621,479,
2026-05-09T17:52:50.768551,156,2,cat,0.21,1,170,92,364,
2026-05-09T17:52:50.768551,156,12,cat,0.5,92,148,209,241,
2026-05-09T17:52:50.768551,156,35,dog,0.213,393,119,628,319,
2026-05-09T17:52:50.768551,156,46,dog,0.5,284,77,610,283,
2026-05-09T17:52:50.768551,156,56,bear,0.5,140,33,204,85,
2026-05-09T17:52:50.768551,156,65,person,0.5,-35,-39,625,474,
2026-05-09T17:52:51.239661,157,1,person,0.878,85,65,622,478,
2026-05-09T17:52:51.239661,157,2,cat,0.5,1,170,91,364,
2026-05-09T17:52:51.239661,157,12,cat,0.5,92,148,209,241,
2026-05-09T17:52:51.239661,157,35,dog,0.5,397,119,629,317,
2026-05-09T17:52:51.239661,157,46,dog,0.5,285,76,610,280,
2026-05-09T17:52:51.239661,157,56,bear,0.5,144,23,203,71,
2026-05-09T17:52:51.239661,157,65,person,0.5,-46,-48,625,474,
2026-05-09T17:52:51.650488,158,1,person,0.882,88,68,622,478,
2026-05-09T17:52:51.650488,158,2,cat,0.239,1,165,91,357,
2026-05-09T17:52:51.650488,158,12,cat,0.5,92,148,209,241,
2026-05-09T17:52:51.650488,158,35,dog,0.5,400,119,630,316,
2026-05-09T17:52:51.650488,158,46,dog,0.5,287,75,609,278,
2026-05-09T17:52:51.650488,158,56,bear,0.5,148,13,203,58,
2026-05-09T17:52:51.650488,158,65,person,0.5,-56,-56,625,474,
2026-05-09T17:52:52.183278,159,1,person,0.898,86,66,623,478,
2026-05-09T17:52:52.183278,159,2,cat,0.5,1,165,91,356,
2026-05-09T17:52:52.183278,159,12,cat,0.5,92,148,209,241,
2026-05-09T17:52:52.183278,159,35,bird,0.221,407,119,619,299,
2026-05-09T17:52:52.183278,159,46,dog,0.5,288,74,609,276,
2026-05-09T17:52:52.183278,159,56,bear,0.5,153,4,203,44,
2026-05-09T17:52:52.183278,159,65,person,0.5,-67,-65,625,473,
2026-05-09T17:52:52.637425,160,1,person,0.9,88,66,627,478,
2026-05-09T17:52:52.637425,160,2,cat,0.5,1,165,91,355,
2026-05-09T17:52:52.637425,160,12,cat,0.5,92,148,209,242,
2026-05-09T17:52:52.637425,160,35,bird,0.5,411,120,619,296,
2026-05-09T17:52:52.637425,160,46,dog,0.5,290,72,608,273,
2026-05-09T17:52:52.637425,160,56,bear,0.5,157,-5,202,31,
2026-05-09T17:52:52.637425,160,65,person,0.5,-78,-73,624,473,
2026-05-09T17:52:53.030441,161,1,person,0.901,88,65,628,478,
2026-05-09T17:52:53.030441,161,2,cat,0.5,1,164,91,355,
2026-05-09T17:52:53.030441,161,12,cat,0.5,92,148,209,242,
2026-05-09T17:52:53.030441,161,35,bird,0.5,415,120,619,293,
2026-05-09T17:52:53.030441,161,46,dog,0.5,291,71,608,271,
2026-05-09T17:52:53.030441,161,56,bear,0.5,161,-15,202,18,
2026-05-09T17:52:53.030441,161,65,person,0.5,-89,-82,624,473,
2026-05-09T17:52:53.405046,162,1,person,0.92,87,65,628,478,
2026-05-09T17:52:53.405046,162,2,cat,0.5,1,164,90,354,
2026-05-09T17:52:53.405046,162,12,cat,0.5,92,148,209,242,
2026-05-09T17:52:53.405046,162,35,bird,0.268,396,122,618,311,
2026-05-09T17:52:53.405046,162,46,dog,0.5,293,70,607,268,
2026-05-09T17:52:53.405046,162,56,bear,0.5,166,-24,202,4,
2026-05-09T17:52:53.405046,162,65,person,0.5,-100,-91,624,472,
2026-05-09T17:52:53.841516,163,1,person,0.921,87,64,630,478,
2026-05-09T17:52:53.841516,163,2,cat,0.5,1,164,90,353,
2026-05-09T17:52:53.841516,163,12,bear,0.425,90,148,210,244,
2026-05-09T17:52:53.841516,163,35,bird,0.5,397,123,618,311,
2026-05-09T17:52:53.841516,163,46,dog,0.5,294,69,607,266,
2026-05-09T17:52:53.841516,163,56,bear,0.5,170,-34,201,-8,
2026-05-09T17:52:53.841516,163,65,person,0.5,-111,-99,623,472,
2026-05-09T17:52:54.277107,164,1,person,0.918,89,65,631,478,
2026-05-09T17:52:54.277107,164,2,cat,0.594,-1,167,96,377,
2026-05-09T17:52:54.277107,164,12,bear,0.241,90,148,213,248,
2026-05-09T17:52:54.277107,164,35,bird,0.5,399,123,618,310,
2026-05-09T17:52:54.277107,164,46,dog,0.5,295,68,606,264,
2026-05-09T17:52:54.277107,164,56,bear,0.5,174,-44,201,-22,
2026-05-09T17:52:54.277107,164,65,person,0.5,-122,-108,623,472,
2026-05-09T17:52:54.732377,165,1,person,0.924,87,65,630,478,
2026-05-09T17:52:54.732377,165,2,cat,0.5,-1,167,97,378,
2026-05-09T17:52:54.732377,165,12,bear,0.533,90,149,215,252,
2026-05-09T17:52:54.732377,165,35,bird,0.5,400,123,618,309,
2026-05-09T17:52:54.732377,165,46,dog,0.5,297,66,606,261,
2026-05-09T17:52:54.732377,165,56,bear,0.5,179,-53,201,-35,
2026-05-09T17:52:54.732377,165,65,person,0.5,-133,-116,623,472,
2026-05-09T17:52:55.157003,166,1,person,0.907,84,62,632,478,
2026-05-09T17:52:55.157003,166,2,cat,0.441,0,169,95,376,
2026-05-09T17:52:55.157003,166,12,bear,0.5,90,149,215,253,
2026-05-09T17:52:55.157003,166,35,bird,0.5,401,124,618,308,
2026-05-09T17:52:55.157003,166,46,dog,0.5,298,65,605,259,
2026-05-09T17:52:55.157003,166,56,bear,0.5,183,-63,200,-49,
2026-05-09T17:52:55.157003,166,65,person,0.5,-143,-125,623,471,
2026-05-09T17:52:55.641285,167,1,person,0.906,79,64,627,478,
2026-05-09T17:52:55.641285,167,2,person,0.222,0,170,94,375,
2026-05-09T17:52:55.641285,167,12,bear,0.5,90,149,216,254,
2026-05-09T17:52:55.641285,167,35,bird,0.5,403,124,619,307,
2026-05-09T17:52:55.641285,167,46,dog,0.5,300,64,605,257,
2026-05-09T17:52:55.641285,167,56,bear,0.5,187,-73,200,-62,
2026-05-09T17:52:55.641285,167,65,person,0.5,-154,-133,622,471,
2026-05-09T17:52:56.144793,168,1,person,0.908,85,65,633,478,
2026-05-09T17:52:56.144793,168,2,person,0.5,-1,170,94,376,
2026-05-09T17:52:56.144793,168,12,bear,0.291,91,149,215,253,
2026-05-09T17:52:56.144793,168,35,bird,0.5,404,124,619,307,
2026-05-09T17:52:56.144793,168,46,dog,0.5,301,63,605,254,
2026-05-09T17:52:56.144793,168,56,bear,0.5,192,-83,200,-76,
2026-05-09T17:52:56.144793,168,65,person,0.5,-165,-142,622,471,
2026-05-09T17:52:56.144793,168,68,tie,0.223,394,207,485,321,
2026-05-09T17:52:56.597678,169,1,person,0.904,87,66,632,478,
2026-05-09T17:52:56.597678,169,2,person,0.5,-1,171,94,377,
2026-05-09T17:52:56.597678,169,12,bear,0.5,91,149,216,254,
2026-05-09T17:52:56.597678,169,35,bird,0.5,405,125,619,306,
2026-05-09T17:52:56.597678,169,46,dog,0.5,302,62,604,252,
2026-05-09T17:52:56.597678,169,56,bear,0.5,196,-92,200,-89,
2026-05-09T17:52:56.597678,169,65,person,0.5,-176,-151,622,470,
2026-05-09T17:52:56.597678,169,68,tie,0.5,394,207,485,322,
2026-05-09T17:52:56.986876,170,1,person,0.911,86,66,633,478,
2026-05-09T17:52:56.986876,170,2,cat,0.236,0,175,94,380,
2026-05-09T17:52:56.986876,170,12,bear,0.5,91,149,216,255,
2026-05-09T17:52:56.986876,170,35,bird,0.5,407,125,619,305,
2026-05-09T17:52:56.986876,170,46,dog,0.5,304,60,604,249,
2026-05-09T17:52:56.986876,170,56,bear,0.5,200,-102,199,-103,
2026-05-09T17:52:56.986876,170,65,person,0.5,-187,-159,622,470,
2026-05-09T17:52:56.986876,170,68,tie,0.5,393,208,485,323,
2026-05-09T17:52:57.427024,171,1,person,0.909,87,66,634,478,
2026-05-09T17:52:57.427024,171,2,cat,0.5,0,175,94,381,
2026-05-09T17:52:57.427024,171,12,bear,0.5,90,149,217,255,
2026-05-09T17:52:57.427024,171,35,bird,0.5,408,125,619,304,
2026-05-09T17:52:57.427024,171,46,dog,0.5,305,59,603,247,
2026-05-09T17:52:57.427024,171,56,bear,0.5,205,-112,199,-116,
2026-05-09T17:52:57.427024,171,65,person,0.5,-198,-168,621,470,
2026-05-09T17:52:57.427024,171,68,tie,0.5,393,208,486,324,
2026-05-09T17:52:57.820229,172,1,person,0.919,85,64,633,478,
2026-05-09T17:52:57.820229,172,2,cat,0.723,0,172,92,371,
2026-05-09T17:52:57.820229,172,12,cat,0.235,95,148,212,246,
2026-05-09T17:52:57.820229,172,35,bird,0.5,409,126,619,304,
2026-05-09T17:52:57.820229,172,46,dog,0.5,307,58,603,245,
2026-05-09T17:52:57.820229,172,56,bear,0.5,209,-121,199,-130,
2026-05-09T17:52:57.820229,172,65,person,0.5,-209,-176,621,469,
2026-05-09T17:52:57.820229,172,68,tie,0.5,393,209,486,324,
2026-05-09T17:52:58.271258,173,1,person,0.919,87,64,635,478,
2026-05-09T17:52:58.271258,173,2,cat,0.3,0,168,92,363,
2026-05-09T17:52:58.271258,173,12,cat,0.5,95,148,212,246,
2026-05-09T17:52:58.271258,173,35,bird,0.5,411,126,619,303,
2026-05-09T17:52:58.271258,173,46,dog,0.5,308,57,602,242,
2026-05-09T17:52:58.271258,173,56,bear,0.5,213,-131,198,-143,
2026-05-09T17:52:58.271258,173,65,person,0.5,-220,-185,621,469,
2026-05-09T17:52:58.271258,173,68,tie,0.5,393,209,486,325,
2026-05-09T17:52:58.694944,174,1,person,0.901,86,66,633,478,
2026-05-09T17:52:58.694944,174,2,person,0.218,1,160,91,353,
2026-05-09T17:52:58.694944,174,12,cat,0.5,95,148,212,246,
2026-05-09T17:52:58.694944,174,35,bird,0.5,412,126,619,302,
2026-05-09T17:52:58.694944,174,56,bear,0.5,218,-141,198,-157,
2026-05-09T17:52:58.694944,174,65,person,0.5,-231,-193,620,469,
2026-05-09T17:52:58.694944,174,68,tie,0.5,393,210,486,326,
2026-05-09T17:52:59.103291,175,1,person,0.904,83,66,630,478,
2026-05-09T17:52:59.103291,175,2,cat,0.216,-1,146,93,348,
2026-05-09T17:52:59.103291,175,12,cat,0.5,95,148,212,245,
2026-05-09T17:52:59.103291,175,35,bird,0.5,413,127,619,301,
2026-05-09T17:52:59.103291,175,65,person,0.5,-241,-202,620,468,
2026-05-09T17:52:59.103291,175,68,tie,0.5,393,210,486,327,
2026-05-09T17:52:59.607061,176,1,person,0.893,81,66,627,478,
2026-05-09T17:52:59.607061,176,2,person,0.217,-2,138,96,352,
2026-05-09T17:52:59.607061,176,12,cat,0.5,95,148,212,245,
2026-05-09T17:52:59.607061,176,35,bird,0.467,402,116,625,307,
2026-05-09T17:52:59.607061,176,68,tie,0.5,392,211,486,328,
2026-05-09T17:53:00.058854,177,1,person,0.887,80,63,631,478,
2026-05-09T17:53:00.058854,177,2,person,0.5,-3,134,96,350,
2026-05-09T17:53:00.058854,177,12,cat,0.5,95,148,212,245,
2026-05-09T17:53:00.058854,177,35,dog,0.233,403,116,624,308,
2026-05-09T17:53:00.058854,177,68,tie,0.5,392,211,486,329,
2026-05-09T17:53:00.498007,178,1,person,0.91,82,64,633,478,
2026-05-09T17:53:00.498007,178,2,person,0.5,-3,131,97,349,
2026-05-09T17:53:00.498007,178,12,cat,0.5,96,147,212,245,
2026-05-09T17:53:00.498007,178,35,dog,0.5,404,116,624,308,
2026-05-09T17:53:00.498007,178,68,tie,0.5,392,212,486,329,
2026-05-09T17:53:00.875240,179,1,person,0.911,85,65,634,478,
2026-05-09T17:53:00.875240,179,2,cat,0.427,0,163,95,370,
2026-05-09T17:53:00.875240,179,12,cat,0.5,96,147,212,245,
2026-05-09T17:53:00.875240,179,35,dog,0.5,404,116,624,307,
2026-05-09T17:53:00.875240,179,68,tie,0.5,392,213,486,330,
2026-05-09T17:53:01.280511,180,1,person,0.91,86,65,635,478,
2026-05-09T17:53:01.280511,180,2,cat,0.5,0,163,95,370,
2026-05-09T17:53:01.280511,180,12,cat,0.5,96,147,212,245,
2026-05-09T17:53:01.280511,180,35,dog,0.5,404,115,625,307,
2026-05-09T17:53:01.280511,180,68,tie,0.5,392,213,486,331,
2026-05-09T17:53:01.672175,181,1,person,0.9,85,65,634,478,
2026-05-09T17:53:01.672175,181,2,cat,0.618,-1,168,95,379,
2026-05-09T17:53:01.672175,181,12,cat,0.5,96,147,212,245,
2026-05-09T17:53:01.672175,181,35,dog,0.5,405,115,625,307,
2026-05-09T17:53:01.672175,181,68,tie,0.5,391,214,486,332,
2026-05-09T17:53:02.098641,182,1,person,0.887,83,66,631,478,
2026-05-09T17:53:02.098641,182,2,cat,0.5,-1,169,95,381,
2026-05-09T17:53:02.098641,182,12,bear,0.207,90,153,212,257,
2026-05-09T17:53:02.098641,182,35,dog,0.5,405,115,626,307,
2026-05-09T17:53:02.098641,182,68,tie,0.5,391,214,486,333,
2026-05-09T17:53:02.508238,183,1,person,0.906,85,65,634,478,
2026-05-09T17:53:02.508238,183,2,cat,0.307,-1,169,96,382,
2026-05-09T17:53:02.508238,183,12,bear,0.5,90,154,212,258,
2026-05-09T17:53:02.508238,183,35,dog,0.328,395,118,628,321,
2026-05-09T17:53:02.508238,183,68,tie,0.5,391,215,486,334,
2026-05-09T17:53:02.960348,184,1,person,0.906,86,65,636,478,
2026-05-09T17:53:02.960348,184,2,cat,0.331,0,171,95,381,
2026-05-09T17:53:02.960348,184,12,bear,0.5,89,154,213,259,
2026-05-09T17:53:02.960348,184,35,dog,0.5,394,118,629,322,
2026-05-09T17:53:02.960348,184,68,tie,0.5,391,215,486,334,
2026-05-09T17:53:03.365717,185,1,person,0.894,78,63,630,478,
2026-05-09T17:53:03.365717,185,2,cat,0.571,0,173,92,376,
2026-05-09T17:53:03.365717,185,12,bear,0.5,89,155,213,259,
2026-05-09T17:53:03.365717,185,35,dog,0.5,394,118,629,323,
2026-05-09T17:53:03.365717,185,68,tie,0.5,391,216,486,335,
2026-05-09T17:53:03.790184,186,1,person,0.896,80,63,633,478,
2026-05-09T17:53:03.790184,186,2,cat,0.519,0,170,92,370,
2026-05-09T17:53:03.790184,186,12,bear,0.29,93,149,209,246,
2026-05-09T17:53:03.790184,186,35,dog,0.5,393,118,630,324,
2026-05-09T17:53:03.790184,186,68,tie,0.251,394,209,484,320,
2026-05-09T17:53:04.340338,187,1,person,0.906,80,63,634,478,
2026-05-09T17:53:04.340338,187,2,cat,0.213,0,171,93,376,
2026-05-09T17:53:04.340338,187,12,bear,0.5,93,149,208,246,
2026-05-09T17:53:04.340338,187,35,dog,0.267,393,118,629,323,
2026-05-09T17:53:04.340338,187,68,tie,0.5,394,209,483,319,
2026-05-09T17:53:04.783597,188,1,person,0.909,81,63,634,478,
2026-05-09T17:53:04.783597,188,2,cat,0.205,0,170,94,376,
2026-05-09T17:53:04.783597,188,12,bear,0.237,93,149,211,249,
2026-05-09T17:53:04.783597,188,35,dog,0.443,393,119,627,322,
2026-05-09T17:53:04.783597,188,68,tie,0.5,395,209,483,319,
2026-05-09T17:53:05.265531,189,1,person,0.908,84,64,635,478,
2026-05-09T17:53:05.265531,189,2,cat,0.5,0,170,94,376,
2026-05-09T17:53:05.265531,189,12,bear,0.5,93,149,211,249,
2026-05-09T17:53:05.265531,189,35,dog,0.5,392,119,627,323,
2026-05-09T17:53:05.265531,189,68,tie,0.263,395,213,483,320,
2026-05-09T17:53:05.670464,190,1,person,0.922,86,65,635,478,
2026-05-09T17:53:05.670464,190,2,cat,0.5,0,171,94,376,
2026-05-09T17:53:05.670464,190,12,bear,0.5,93,149,211,248,
2026-05-09T17:53:05.670464,190,35,dog,0.5,392,119,627,323,
2026-05-09T17:53:05.670464,190,68,tie,0.238,394,211,484,321,
2026-05-09T17:53:06.064307,191,1,person,0.92,85,65,634,478,
2026-05-09T17:53:06.064307,191,2,bear,0.261,0,165,92,364,
2026-05-09T17:53:06.064307,191,12,bear,0.5,94,149,211,248,
2026-05-09T17:53:06.064307,191,35,dog,0.5,391,119,627,324,
2026-05-09T17:53:06.064307,191,68,tie,0.5,394,212,483,321,
2026-05-09T17:53:06.519690,192,1,person,0.909,83,65,633,478,
2026-05-09T17:53:06.519690,192,2,cat,0.391,1,168,91,363,
2026-05-09T17:53:06.519690,192,12,bear,0.265,96,147,206,238,
2026-05-09T17:53:06.519690,192,35,dog,0.5,391,119,627,325,
2026-05-09T17:53:06.519690,192,68,tie,0.5,394,212,483,321,
2026-05-09T17:53:06.988749,193,1,person,0.905,83,65,634,478,
2026-05-09T17:53:06.988749,193,2,cat,0.5,1,168,91,362,
2026-05-09T17:53:06.988749,193,12,bear,0.5,97,147,206,237,
2026-05-09T17:53:06.988749,193,35,dog,0.224,394,119,622,317,
2026-05-09T17:53:06.988749,193,68,tie,0.5,395,212,483,322,
2026-05-09T17:53:07.397437,194,1,person,0.905,84,65,633,478,
2026-05-09T17:53:07.397437,194,2,cat,0.494,1,168,92,363,
2026-05-09T17:53:07.397437,194,12,bear,0.5,97,146,205,236,
2026-05-09T17:53:07.397437,194,35,dog,0.5,394,119,622,317,
2026-05-09T17:53:07.397437,194,68,tie,0.5,395,213,483,322,
2026-05-09T17:53:07.818614,195,1,person,0.899,84,64,634,477,
2026-05-09T17:53:07.818614,195,2,cat,0.5,2,168,92,362,
2026-05-09T17:53:07.818614,195,12,bear,0.5,97,146,205,234,
2026-05-09T17:53:07.818614,195,35,dog,0.5,394,119,622,317,
2026-05-09T17:53:07.818614,195,68,tie,0.5,395,213,483,322,
2026-05-09T17:53:08.320433,196,1,person,0.899,84,65,634,478,
2026-05-09T17:53:08.320433,196,2,cat,0.5,2,168,92,361,
2026-05-09T17:53:08.320433,196,12,bear,0.5,98,146,204,233,
2026-05-09T17:53:08.320433,196,35,dog,0.5,394,119,621,317,
2026-05-09T17:53:08.320433,196,68,tie,0.5,395,213,483,322,
2026-05-09T17:53:08.727330,197,1,person,0.907,84,65,633,478,
2026-05-09T17:53:08.727330,197,2,cat,0.256,0,165,92,361,
2026-05-09T17:53:08.727330,197,12,bear,0.5,98,145,203,232,
2026-05-09T17:53:08.727330,197,35,dog,0.5,393,119,621,317,
2026-05-09T17:53:08.727330,197,68,tie,0.5,395,213,483,322,
2026-05-09T17:53:09.150147,198,1,person,0.913,84,65,634,478,
2026-05-09T17:53:09.150147,198,2,cat,0.5,0,165,92,361,
2026-05-09T17:53:09.150147,198,12,bear,0.5,99,145,203,231,
2026-05-09T17:53:09.150147,198,35,umbrella,0.278,403,122,622,312,
2026-05-09T17:53:09.150147,198,68,tie,0.5,395,214,483,322,
2026-05-09T17:53:09.561200,199,1,person,0.887,82,65,632,478,
2026-05-09T17:53:09.561200,199,2,cat,0.5,0,164,92,360,
2026-05-09T17:53:09.561200,199,12,bear,0.5,99,145,202,230,
2026-05-09T17:53:09.561200,199,35,umbrella,0.5,404,123,622,311,
2026-05-09T17:53:09.561200,199,68,tie,0.5,395,214,483,322,
2026-05-09T17:53:09.920467,200,1,person,0.897,82,65,633,478,
2026-05-09T17:53:09.920467,200,2,cat,0.5,1,164,92,359,
2026-05-09T17:53:09.920467,200,12,bear,0.5,100,144,202,229,
2026-05-09T17:53:09.920467,200,35,umbrella,0.5,404,123,622,311,
2026-05-09T17:53:09.920467,200,68,tie,0.5,395,214,483,323,
2026-05-09T17:53:10.267792,201,1,person,0.887,83,65,632,478,
2026-05-09T17:53:10.267792,201,2,cat,0.253,0,160,93,360,
2026-05-09T17:53:10.267792,201,12,bear,0.5,100,144,201,228,
2026-05-09T17:53:10.267792,201,35,umbrella,0.5,405,123,622,310,
2026-05-09T17:53:10.267792,201,68,tie,0.5,395,215,483,323,
2026-05-09T17:53:10.653600,202,1,person,0.919,82,65,631,477,
2026-05-09T17:53:10.653600,202,2,cat,0.348,0,161,95,367,
2026-05-09T17:53:10.653600,202,12,bear,0.5,101,144,201,227,
2026-05-09T17:53:10.653600,202,35,umbrella,0.5,406,124,621,310,
2026-05-09T17:53:10.653600,202,68,tie,0.5,395,215,483,323,
2026-05-09T17:53:11.028051,203,1,person,0.898,81,65,631,478,
2026-05-09T17:53:11.028051,203,2,cat,0.464,0,166,92,365,
2026-05-09T17:53:11.028051,203,12,bear,0.5,101,144,200,226,
2026-05-09T17:53:11.028051,203,35,umbrella,0.5,407,124,621,309,
2026-05-09T17:53:11.028051,203,68,tie,0.5,395,215,482,323,
2026-05-09T17:53:11.402515,204,1,person,0.912,85,65,633,478,
2026-05-09T17:53:11.402515,204,2,cat,0.233,0,165,93,366,
2026-05-09T17:53:11.402515,204,12,bear,0.5,101,143,200,224,
2026-05-09T17:53:11.402515,204,35,umbrella,0.5,407,124,621,309,
2026-05-09T17:53:11.402515,204,68,tie,0.5,395,216,482,323,
2026-05-09T17:53:11.887786,205,1,person,0.827,83,63,634,478,
2026-05-09T17:53:11.887786,205,2,cat,0.542,0,167,93,368,
2026-05-09T17:53:11.887786,205,12,cat,0.27,96,148,208,238,
2026-05-09T17:53:11.887786,205,35,umbrella,0.5,408,125,621,308,
2026-05-09T17:53:11.887786,205,68,tie,0.5,395,216,482,323,
2026-05-09T17:53:12.327309,206,1,person,0.901,63,63,619,478,
2026-05-09T17:53:12.327309,206,2,cat,0.5,0,167,93,368,
2026-05-09T17:53:12.327309,206,12,cat,0.5,96,148,208,238,
2026-05-09T17:53:12.327309,206,35,umbrella,0.5,409,125,620,308,
2026-05-09T17:53:12.327309,206,68,tie,0.5,395,216,482,323,
2026-05-09T17:53:12.687120,207,1,person,0.716,61,67,614,478,
2026-05-09T17:53:12.687120,207,2,cat,0.706,0,174,92,371,
2026-05-09T17:53:12.687120,207,12,cat,0.5,97,149,208,238,
2026-05-09T17:53:12.687120,207,35,umbrella,0.5,410,125,620,307,
2026-05-09T17:53:12.687120,207,68,tie,0.5,395,216,482,323,
2026-05-09T17:53:13.092827,208,1,person,0.855,54,71,608,478,
2026-05-09T17:53:13.092827,208,2,cat,0.403,0,171,93,370,
2026-05-09T17:53:13.092827,208,12,cat,0.292,92,149,209,243,
2026-05-09T17:53:13.092827,208,35,umbrella,0.5,411,126,620,307,
2026-05-09T17:53:13.092827,208,68,tie,0.5,395,217,482,324,
2026-05-09T17:53:13.483850,209,1,person,0.904,54,72,611,478,
2026-05-09T17:53:13.483850,209,2,cat,0.353,0,169,94,369,
2026-05-09T17:53:13.483850,209,12,cat,0.215,91,149,209,244,
2026-05-09T17:53:13.483850,209,35,umbrella,0.5,411,126,620,306,
2026-05-09T17:53:13.483850,209,68,tie,0.299,400,216,487,324,
2026-05-09T17:53:13.939887,210,1,person,0.893,52,73,611,478,
2026-05-09T17:53:13.939887,210,2,cat,0.572,0,171,93,371,
2026-05-09T17:53:13.939887,210,12,cat,0.208,43,121,201,246,
2026-05-09T17:53:13.939887,210,35,umbrella,0.5,412,126,620,306,
2026-05-09T17:53:13.939887,210,68,tie,0.342,402,214,489,325,
2026-05-09T17:53:14.406925,211,1,person,0.861,52,73,614,478,
2026-05-09T17:53:14.406925,211,2,cat,0.412,0,171,94,373,
2026-05-09T17:53:14.406925,211,12,cat,0.297,68,136,206,246,
2026-05-09T17:53:14.406925,211,35,umbrella,0.5,413,127,619,305,
2026-05-09T17:53:14.406925,211,68,tie,0.228,404,212,493,325,
2026-05-09T17:53:14.845384,212,1,person,0.792,47,72,614,478,
2026-05-09T17:53:14.845384,212,2,cat,0.623,0,169,94,371,
2026-05-09T17:53:14.845384,212,12,cat,0.342,82,144,209,246,
2026-05-09T17:53:14.845384,212,35,umbrella,0.5,414,127,619,305,
2026-05-09T17:53:14.845384,212,68,tie,0.5,405,211,494,325,
2026-05-09T17:53:15.264635,213,1,person,0.831,48,73,616,478,
2026-05-09T17:53:15.264635,213,2,cat,0.273,0,166,92,364,
2026-05-09T17:53:15.264635,213,12,cat,0.5,80,143,209,246,
2026-05-09T17:53:15.264635,213,35,umbrella,0.5,415,127,619,304,
2026-05-09T17:53:15.264635,213,68,tie,0.5,405,211,495,326,
2026-05-09T17:53:15.657077,214,1,person,0.904,48,73,617,478,
2026-05-09T17:53:15.657077,214,2,cat,0.5,0,165,92,364,
2026-05-09T17:53:15.657077,214,12,cat,0.301,90,145,206,237,
2026-05-09T17:53:15.657077,214,35,umbrella,0.5,415,128,619,304,
2026-05-09T17:53:15.657077,214,68,tie,0.5,406,211,496,326,
2026-05-09T17:53:16.112873,215,1,person,0.877,52,73,621,478,
2026-05-09T17:53:16.112873,215,2,bear,0.219,0,167,94,371,
2026-05-09T17:53:16.112873,215,12,bear,0.329,91,148,210,243,
2026-05-09T17:53:16.112873,215,35,umbrella,0.5,416,128,618,303,
2026-05-09T17:53:16.112873,215,68,tie,0.5,406,211,497,326,
2026-05-09T17:53:16.583846,216,1,person,0.769,52,73,624,478,
2026-05-09T17:53:16.583846,216,2,cat,0.285,0,168,95,374,
2026-05-09T17:53:16.583846,216,12,bear,0.5,91,148,210,243,
2026-05-09T17:53:16.583846,216,35,umbrella,0.5,417,128,618,303,
2026-05-09T17:53:16.583846,216,68,tie,0.5,407,210,498,326,
2026-05-09T17:53:17.024834,217,1,person,0.865,50,73,621,478,
2026-05-09T17:53:17.024834,217,2,cat,0.5,0,168,95,374,
2026-05-09T17:53:17.024834,217,12,cat,0.31,91,149,214,248,
2026-05-09T17:53:17.024834,217,35,umbrella,0.5,418,129,618,302,
2026-05-09T17:53:17.024834,217,68,tie,0.5,407,210,499,327,
2026-05-09T17:53:17.435318,218,1,person,0.91,45,72,620,478,
2026-05-09T17:53:17.435318,218,2,cat,0.3,0,170,93,371,
2026-05-09T17:53:17.435318,218,12,cat,0.5,91,149,214,249,
2026-05-09T17:53:17.435318,218,35,umbrella,0.5,418,129,618,301,
2026-05-09T17:53:17.435318,218,68,tie,0.5,408,210,499,327,
2026-05-09T17:53:17.841741,219,1,person,0.899,46,74,621,478,
2026-05-09T17:53:17.841741,219,2,cat,0.443,0,166,93,367,
2026-05-09T17:53:17.841741,219,12,bear,0.232,92,149,211,245,
2026-05-09T17:53:17.841741,219,35,umbrella,0.5,419,129,618,301,
2026-05-09T17:53:17.841741,219,68,tie,0.5,408,210,500,327,
2026-05-09T17:53:18.248093,220,1,person,0.906,39,72,618,478,
2026-05-09T17:53:18.248093,220,2,cat,0.409,0,165,92,363,
2026-05-09T17:53:18.248093,220,12,cat,0.235,93,148,208,240,
2026-05-09T17:53:18.248093,220,35,umbrella,0.5,420,130,617,300,
2026-05-09T17:53:18.248093,220,68,tie,0.5,409,210,501,327,
2026-05-09T17:53:18.671144,221,1,person,0.902,37,73,617,478,
2026-05-09T17:53:18.671144,221,2,bear,0.345,1,165,92,360,
2026-05-09T17:53:18.671144,221,12,cat,0.361,93,146,207,237,
2026-05-09T17:53:18.671144,221,35,umbrella,0.5,421,130,617,300,
2026-05-09T17:53:18.671144,221,68,tie,0.5,409,209,502,327,
2026-05-09T17:53:19.094940,222,1,person,0.896,49,72,628,478,
2026-05-09T17:53:19.094940,222,2,bear,0.5,1,164,92,359,
2026-05-09T17:53:19.094940,222,12,cat,0.219,93,146,208,236,
2026-05-09T17:53:19.094940,222,35,umbrella,0.5,422,130,617,299,
2026-05-09T17:53:19.094940,222,68,tie,0.5,410,209,503,328,
2026-05-09T17:53:19.486676,223,1,person,0.898,64,68,646,478,
2026-05-09T17:53:19.486676,223,2,bear,0.439,1,167,92,362,
2026-05-09T17:53:19.486676,223,12,bear,0.579,92,147,208,239,
2026-05-09T17:53:19.486676,223,35,umbrella,0.5,422,131,617,299,
2026-05-09T17:53:19.486676,223,68,tie,0.5,410,209,504,328,
2026-05-09T17:53:20.231466,224,1,person,0.903,58,62,644,478,
2026-05-09T17:53:20.231466,224,2,cat,0.608,1,165,93,362,
2026-05-09T17:53:20.231466,224,12,bear,0.5,92,147,208,239,
2026-05-09T17:53:20.231466,224,35,umbrella,0.5,423,131,616,298,
2026-05-09T17:53:20.231466,224,68,tie,0.5,411,209,505,328,
2026-05-09T17:53:20.635837,225,1,person,0.908,63,62,646,478,
2026-05-09T17:53:20.635837,225,2,bear,0.263,1,165,93,360,
2026-05-09T17:53:20.635837,225,12,bear,0.5,92,147,208,238,
2026-05-09T17:53:20.635837,225,35,umbrella,0.5,424,131,616,298,
2026-05-09T17:53:20.635837,225,68,tie,0.5,412,209,506,328,
2026-05-09T17:53:21.024915,226,1,person,0.84,61,61,643,478,
2026-05-09T17:53:21.024915,226,2,cat,0.39,0,167,93,364,
2026-05-09T17:53:21.024915,226,12,bear,0.5,92,147,208,238,
2026-05-09T17:53:21.024915,226,35,umbrella,0.5,425,132,616,297,
2026-05-09T17:53:21.024915,226,68,tie,0.5,412,208,506,329,
2026-05-09T17:53:21.418247,227,1,person,0.924,67,60,647,478,
2026-05-09T17:53:21.418247,227,2,cat,0.5,0,167,93,364,
2026-05-09T17:53:21.418247,227,12,bear,0.5,92,146,208,238,
2026-05-09T17:53:21.418247,227,35,umbrella,0.5,425,132,616,297,
2026-05-09T17:53:21.418247,227,68,tie,0.5,413,208,507,329,
2026-05-09T17:53:21.789520,228,1,person,0.915,69,61,645,478,
2026-05-09T17:53:21.789520,228,2,cat,0.5,0,168,93,364,
2026-05-09T17:53:21.789520,228,12,cat,0.233,92,145,208,237,
2026-05-09T17:53:21.789520,228,35,umbrella,0.5,426,132,616,296,
2026-05-09T17:53:21.789520,228,68,tie,0.5,413,208,508,329,
2026-05-09T17:53:22.182997,229,1,person,0.926,72,64,643,478,
2026-05-09T17:53:22.182997,229,2,cat,0.518,0,172,93,370,
2026-05-09T17:53:22.182997,229,12,bear,0.246,91,145,211,240,
2026-05-09T17:53:22.182997,229,68,tie,0.5,414,208,509,329,
2026-05-09T17:53:22.590651,230,1,person,0.86,68,61,641,478,
2026-05-09T17:53:22.590651,230,2,cat,0.36,0,171,92,368,
2026-05-09T17:53:22.590651,230,12,cat,0.442,92,146,210,240,
2026-05-09T17:53:22.590651,230,68,tie,0.5,414,207,510,329,
2026-05-09T17:53:22.983526,231,1,person,0.885,67,58,640,478,
2026-05-09T17:53:22.983526,231,2,cat,0.404,0,165,93,364,
2026-05-09T17:53:22.983526,231,12,cat,0.5,92,146,210,240,
2026-05-09T17:53:22.983526,231,68,tie,0.5,415,207,511,330,
2026-05-09T17:53:23.375514,232,1,person,0.917,70,62,637,478,
2026-05-09T17:53:23.375514,232,2,cat,0.5,0,164,93,364,
2026-05-09T17:53:23.375514,232,12,bear,0.305,90,145,211,240,
2026-05-09T17:53:23.375514,232,68,tie,0.5,415,207,512,330,
2026-05-09T17:53:23.784408,233,1,person,0.922,70,63,633,478,
2026-05-09T17:53:23.784408,233,2,cat,0.44,0,168,93,367,
2026-05-09T17:53:23.784408,233,12,bear,0.5,90,145,211,240,
2026-05-09T17:53:23.784408,233,68,tie,0.5,416,207,513,330,
2026-05-09T17:53:24.240687,234,1,person,0.903,71,62,635,477,
2026-05-09T17:53:24.240687,234,2,cat,0.479,-1,165,94,370,
2026-05-09T17:53:24.240687,234,12,bear,0.5,89,144,211,240,
2026-05-09T17:53:24.240687,234,68,tie,0.5,416,207,513,330,
2026-05-09T17:53:24.601913,235,1,person,0.912,71,62,635,477,
2026-05-09T17:53:24.601913,235,2,cat,0.287,-2,163,95,373,
2026-05-09T17:53:24.601913,235,12,bear,0.5,89,144,211,241,
2026-05-09T17:53:24.601913,235,68,tie,0.5,417,206,514,331,
2026-05-09T17:53:25.006353,236,1,person,0.917,73,63,634,477,
2026-05-09T17:53:25.006353,236,2,cat,0.5,-2,162,95,373,
2026-05-09T17:53:25.006353,236,12,bear,0.38,88,147,216,249,
2026-05-09T17:53:25.006353,236,68,tie,0.5,417,206,515,331,
2026-05-09T17:53:25.398234,237,1,person,0.917,71,63,631,477,
2026-05-09T17:53:25.398234,237,2,person,0.249,-1,165,95,374,
2026-05-09T17:53:25.398234,237,12,bear,0.5,88,147,216,250,
2026-05-09T17:53:25.398234,237,68,dog,0.289,413,118,594,323,
2026-05-09T17:53:25.805129,238,1,person,0.913,71,63,632,477,
2026-05-09T17:53:25.805129,238,2,cat,0.494,0,169,93,371,
2026-05-09T17:53:25.805129,238,12,bear,0.315,89,146,213,247,
2026-05-09T17:53:25.805129,238,68,dog,0.5,414,114,598,322,
2026-05-09T17:53:26.212485,239,1,person,0.917,72,61,635,477,
2026-05-09T17:53:26.212485,239,2,cat,0.621,0,169,94,371,
2026-05-09T17:53:26.212485,239,12,cat,0.253,91,146,212,245,
2026-05-09T17:53:26.212485,239,68,dog,0.5,415,110,602,322,
2026-05-09T17:53:26.604002,240,1,person,0.908,74,61,635,477,
2026-05-09T17:53:26.604002,240,2,cat,0.61,0,169,92,365,
2026-05-09T17:53:26.604002,240,12,bear,0.25,91,146,209,242,
2026-05-09T17:53:26.604002,240,68,dog,0.334,409,114,605,322,
2026-05-09T17:53:27.055479,241,1,person,0.904,73,61,633,477,
2026-05-09T17:53:27.055479,241,2,cat,0.435,0,165,92,362,
2026-05-09T17:53:27.055479,241,12,bear,0.5,91,146,209,242,
2026-05-09T17:53:27.055479,241,68,dog,0.5,409,111,609,322,
2026-05-09T17:53:27.428890,242,1,person,0.901,74,61,635,477,
2026-05-09T17:53:27.428890,242,2,cat,0.203,0,158,95,361,
2026-05-09T17:53:27.428890,242,12,bear,0.5,91,146,209,242,
2026-05-09T17:53:27.428890,242,68,dog,0.5,410,108,612,322,
2026-05-09T17:53:27.873158,243,1,person,0.926,75,62,634,477,
2026-05-09T17:53:27.873158,243,2,cat,0.276,0,158,92,353,
2026-05-09T17:53:27.873158,243,12,bear,0.5,91,146,209,242,
2026-05-09T17:53:27.873158,243,68,dog,0.5,410,104,616,322,
2026-05-09T17:53:28.264165,244,1,person,0.919,77,64,633,477,
2026-05-09T17:53:28.264165,244,2,cat,0.221,0,155,93,358,
2026-05-09T17:53:28.264165,244,12,bear,0.5,91,146,209,242,
2026-05-09T17:53:28.264165,244,68,dog,0.246,403,116,607,323,
2026-05-09T17:53:28.669756,245,1,person,0.904,76,63,633,477,
2026-05-09T17:53:28.669756,245,2,cat,0.496,0,164,92,360,
2026-05-09T17:53:28.669756,245,12,bear,0.5,91,146,209,242,
2026-05-09T17:53:28.669756,245,68,dog,0.5,403,114,609,323,
2026-05-09T17:53:29.060097,246,1,person,0.916,77,65,631,477,
2026-05-09T17:53:29.060097,246,2,cat,0.3,0,165,92,361,
2026-05-09T17:53:29.060097,246,12,bear,0.5,91,146,209,242,
2026-05-09T17:53:29.060097,246,68,dog,0.5,404,112,612,323,
2026-05-09T17:53:29.605703,247,1,person,0.905,75,63,633,478,
2026-05-09T17:53:29.605703,247,2,cat,0.308,0,166,92,362,
2026-05-09T17:53:29.605703,247,12,bear,0.236,94,145,209,238,
2026-05-09T17:53:29.605703,247,68,dog,0.5,404,109,614,323,
2026-05-09T17:53:30.188598,248,1,person,0.915,74,60,634,478,
2026-05-09T17:53:30.188598,248,2,cat,0.687,0,164,93,362,
2026-05-09T17:53:30.188598,248,12,cat,0.27,92,145,211,241,
2026-05-09T17:53:30.188598,248,68,dog,0.239,398,115,606,322,
2026-05-09T17:53:30.875434,249,1,person,0.912,75,60,634,478,
2026-05-09T17:53:30.875434,249,2,cat,0.48,0,169,93,368,
2026-05-09T17:53:30.875434,249,12,bear,0.209,90,146,211,244,
2026-05-09T17:53:30.875434,249,68,dog,0.5,398,114,607,322,
2026-05-09T17:53:31.378914,250,1,person,0.89,74,61,631,478,
2026-05-09T17:53:31.378914,250,2,cat,0.674,0,171,92,367,
2026-05-09T17:53:31.378914,250,12,cat,0.216,90,146,212,246,
2026-05-09T17:53:31.378914,250,68,dog,0.5,398,112,609,321,
2026-05-09T17:53:31.826410,251,1,person,0.863,71,61,631,478,
2026-05-09T17:53:31.826410,251,2,cat,0.5,0,171,92,367,
2026-05-09T17:53:31.826410,251,12,cat,0.32,89,146,212,247,
2026-05-09T17:53:31.826410,251,68,dog,0.5,398,111,610,321,
2026-05-09T17:53:32.278368,252,1,cat,0.395,74,61,634,478,
2026-05-09T17:53:32.278368,252,2,cat,0.5,0,172,91,367,
2026-05-09T17:53:32.278368,252,12,cat,0.5,89,147,212,248,
2026-05-09T17:53:32.278368,252,68,dog,0.5,398,109,611,321,
2026-05-09T17:53:32.703998,253,1,person,0.909,75,61,634,478,
2026-05-09T17:53:32.703998,253,2,bear,0.27,0,166,93,362,
2026-05-09T17:53:32.703998,253,12,cat,0.411,92,146,209,241,
2026-05-09T17:53:32.703998,253,68,dog,0.5,398,108,613,321,
2026-05-09T17:53:33.298820,254,1,person,0.826,73,59,635,478,
2026-05-09T17:53:33.298820,254,2,bear,0.5,0,166,93,362,
2026-05-09T17:53:33.298820,254,12,cat,0.5,92,146,209,241,
2026-05-09T17:53:33.298820,254,68,dog,0.5,397,106,614,321,
2026-05-09T17:53:33.703784,255,1,person,0.898,73,61,633,478,
2026-05-09T17:53:33.703784,255,2,cat,0.249,0,159,93,358,
2026-05-09T17:53:33.703784,255,12,cat,0.5,93,146,209,241,
2026-05-09T17:53:33.703784,255,68,dog,0.5,397,105,615,321,
2026-05-09T17:53:34.156887,256,1,person,0.804,74,63,630,478,
2026-05-09T17:53:34.156887,256,2,cat,0.45,0,156,96,363,
2026-05-09T17:53:34.156887,256,12,cat,0.37,91,146,207,241,
2026-05-09T17:53:34.156887,256,68,dog,0.5,397,103,616,321,
2026-05-09T17:53:34.623641,257,1,person,0.898,68,62,625,478,
2026-05-09T17:53:34.623641,257,2,cat,0.262,0,164,93,362,
2026-05-09T17:53:34.623641,257,12,cat,0.5,91,146,206,240,
2026-05-09T17:53:34.623641,257,68,dog,0.5,397,101,618,320,
2026-05-09T17:53:35.076230,258,1,person,0.918,73,63,630,478,
2026-05-09T17:53:35.076230,258,2,bear,0.544,0,166,92,363,
2026-05-09T17:53:35.076230,258,12,bear,0.408,92,146,209,240,
2026-05-09T17:53:35.076230,258,68,dog,0.5,397,100,619,320,
2026-05-09T17:53:35.536691,259,1,person,0.675,75,65,630,478,
2026-05-09T17:53:35.536691,259,2,cat,0.428,1,167,93,361,
2026-05-09T17:53:35.536691,259,12,bear,0.5,92,146,209,240,
2026-05-09T17:53:35.536691,259,68,dog,0.5,397,98,620,320,
2026-05-09T17:53:36.111852,260,1,person,0.597,72,64,627,478,
2026-05-09T17:53:36.111852,260,2,cat,0.419,0,167,94,366,
2026-05-09T17:53:36.111852,260,12,cat,0.302,91,148,210,244,
2026-05-09T17:53:36.111852,260,68,dog,0.5,397,97,622,320,
2026-05-09T17:53:36.645004,261,1,person,0.914,73,62,630,478,
2026-05-09T17:53:36.645004,261,2,cat,0.356,0,168,93,368,
2026-05-09T17:53:36.645004,261,12,cat,0.5,91,148,210,245,
2026-05-09T17:53:36.645004,261,68,bird,0.248,402,119,607,315,
2026-05-09T17:53:37.162216,262,1,person,0.895,72,60,633,478,
2026-05-09T17:53:37.162216,262,2,cat,0.633,0,168,94,371,
2026-05-09T17:53:37.162216,262,12,cat,0.5,91,148,210,245,
2026-05-09T17:53:37.162216,262,68,person,0.203,400,119,611,316,
2026-05-09T17:53:37.676439,263,1,person,0.857,73,60,634,478,
2026-05-09T17:53:37.676439,263,2,cat,0.5,-1,168,94,372,
2026-05-09T17:53:37.676439,263,12,cat,0.5,91,149,210,245,
2026-05-09T17:53:37.676439,263,68,person,0.5,401,119,611,316,
2026-05-09T17:53:38.192135,264,1,person,0.913,72,60,632,478,
2026-05-09T17:53:38.192135,264,2,cat,0.5,-1,168,95,373,
2026-05-09T17:53:38.192135,264,12,bear,0.273,90,149,213,250,
2026-05-09T17:53:38.192135,264,68,person,0.5,401,119,611,315,
2026-05-09T17:53:38.895693,265,1,person,0.911,70,61,629,478,
2026-05-09T17:53:38.895693,265,2,cat,0.5,-1,168,95,374,
2026-05-09T17:53:38.895693,265,12,bear,0.33,92,150,213,251,
2026-05-09T17:53:38.895693,265,68,person,0.5,402,119,612,315,
2026-05-09T17:53:39.738333,266,1,person,0.908,72,64,628,478,
2026-05-09T17:53:39.738333,266,2,cat,0.251,-3,154,98,373,
2026-05-09T17:53:39.738333,266,12,bear,0.5,92,150,214,251,
2026-05-09T17:53:39.738333,266,68,person,0.5,402,119,612,315,
2026-05-09T17:53:40.226222,267,1,person,0.915,69,65,625,478,
2026-05-09T17:53:40.226222,267,2,cat,0.372,-1,157,95,364,
2026-05-09T17:53:40.226222,267,12,cat,0.372,96,147,207,238,
2026-05-09T17:53:40.226222,267,68,person,0.5,403,119,612,314,
2026-05-09T17:53:40.714848,268,1,person,0.912,72,65,627,478,
2026-05-09T17:53:40.714848,268,2,cat,0.5,-1,156,95,364,
2026-05-09T17:53:40.714848,268,12,cat,0.5,97,147,206,237,
2026-05-09T17:53:40.714848,268,68,bird,0.207,400,117,609,306,
2026-05-09T17:53:41.138372,269,1,person,0.907,73,63,629,478,
2026-05-09T17:53:41.138372,269,2,cat,0.403,-1,158,95,365,
2026-05-09T17:53:41.138372,269,12,cat,0.5,97,147,206,236,
2026-05-09T17:53:41.138372,269,68,bird,0.5,401,116,609,305,
2026-05-09T17:53:41.547379,270,1,person,0.912,73,64,628,478,
2026-05-09T17:53:41.547379,270,2,cat,0.5,-1,157,95,365,
2026-05-09T17:53:41.547379,270,12,cat,0.5,98,147,206,236,
2026-05-09T17:53:41.547379,270,68,bird,0.5,401,116,608,304,
2026-05-09T17:53:41.923483,271,1,person,0.919,72,64,628,478,
2026-05-09T17:53:41.923483,271,2,cat,0.436,0,166,93,368,
2026-05-09T17:53:41.923483,271,12,cat,0.5,98,147,205,235,
2026-05-09T17:53:41.923483,271,68,bird,0.5,402,116,608,303,
2026-05-09T17:53:42.298563,272,1,person,0.899,73,63,630,478,
2026-05-09T17:53:42.298563,272,2,cat,0.55,0,169,93,369,
2026-05-09T17:53:42.298563,272,12,cat,0.21,95,149,209,242,
2026-05-09T17:53:42.298563,272,68,bird,0.5,402,116,607,302,
